Year,Month,Units,PriceParity,GrossIncome,Mgmt,CapexOps,HOA_Monthly_Total,Insurance,Tax,DebtService_Total,NOI,SavingsToCash,RainyTarget,RainyBalance,RainyTopup,CapexBalance,LiquidityRequired,LiquidityActual,FreezeFlag,Purchase,Purchase_DP,Purchase_Closing,Purchase_Total,FeederDraw_Net,FeederPrepay,EndCash,TotalValue,TotalDebt
1,1,0,694669.08,0.0,0.0,0.0,0.0,0.0,0.0,0.0,0.0,4166.67,0.0,0.0,0.0,0.0,211874.07,9166.67,1,0.0,0.0,0.0,0.0,0.0,0.0,9166.67,0.0,0.0
1,2,0,694669.08,0.0,0.0,0.0,0.0,0.0,0.0,0.0,0.0,4166.67,0.0,0.0,0.0,0.0,211874.07,13333.34,1,0.0,0.0,0.0,0.0,0.0,0.0,13333.34,0.0,0.0
1,3,0,694669.08,0.0,0.0,0.0,0.0,0.0,0.0,0.0,0.0,4166.67,0.0,0.0,0.0,0.0,211874.07,17500.01,1,0.0,0.0,0.0,0.0,0.0,0.0,17500.01,0.0,0.0
1,4,0,694669.08,0.0,0.0,0.0,0.0,0.0,0.0,0.0,0.0,4166.67,0.0,0.0,0.0,0.0,211874.07,21666.68,1,0.0,0.0,0.0,0.0,0.0,0.0,21666.68,0.0,0.0
1,5,0,694669.08,0.0,0.0,0.0,0.0,0.0,0.0,0.0,0.0,4166.67,0.0,0.0,0.0,0.0,211874.07,25833.35,1,0.0,0.0,0.0,0.0,0.0,0.0,25833.35,0.0,0.0
1,6,0,694669.08,0.0,0.0,0.0,0.0,0.0,0.0,0.0,0.0,4166.67,0.0,0.0,0.0,0.0,211874.07,30000.02,1,0.0,0.0,0.0,0.0,0.0,0.0,30000.02,0.0,0.0
1,7,0,694669.08,0.0,0.0,0.0,0.0,0.0,0.0,0.0,0.0,4166.67,0.0,0.0,0.0,0.0,211874.07,34166.69,1,0.0,0.0,0.0,0.0,0.0,0.0,34166.69,0.0,0.0
1,8,0,694669.08,0.0,0.0,0.0,0.0,0.0,0.0,0.0,0.0,4166.67,0.0,0.0,0.0,0.0,211874.07,38333.36,1,0.0,0.0,0.0,0.0,0.0,0.0,38333.36,0.0,0.0
1,9,0,694669.08,0.0,0.0,0.0,0.0,0.0,0.0,0.0,0.0,4166.67,0.0,0.0,0.0,0.0,211874.07,42500.03,1,0.0,0.0,0.0,0.0,0.0,0.0,42500.03,0.0,0.0
1,10,0,694669.08,0.0,0.0,0.0,0.0,0.0,0.0,0.0,0.0,4166.67,0.0,0.0,0.0,0.0,211874.07,46666.7,1,0.0,0.0,0.0,0.0,0.0,0.0,46666.7,0.0,0.0
1,11,0,694669.08,0.0,0.0,0.0,0.0,0.0,0.0,0.0,0.0,4166.67,0.0,0.0,0.0,0.0,211874.07,50833.37,1,0.0,0.0,0.0,0.0,0.0,0.0,50833.37,0.0,0.0
1,12,0,694669.08,0.0,0.0,0.0,0.0,0.0,0.0,0.0,0.0,4166.67,0.0,0.0,0.0,0.0,211874.07,55000.04,1,0.0,0.0,0.0,0.0,0.0,0.0,55000.04,0.0,0.0
2,1,0,722455.85,0.0,0.0,0.0,0.0,0.0,0.0,0.0,0.0,4166.67,0.0,0.0,0.0,0.0,220349.03,59166.71,1,0.0,0.0,0.0,0.0,0.0,0.0,59166.71,0.0,0.0
2,2,0,722455.85,0.0,0.0,0.0,0.0,0.0,0.0,0.0,0.0,4166.67,0.0,0.0,0.0,0.0,220349.03,63333.38,1,0.0,0.0,0.0,0.0,0.0,0.0,63333.38,0.0,0.0
2,3,0,722455.85,0.0,0.0,0.0,0.0,0.0,0.0,0.0,0.0,4166.67,0.0,0.0,0.0,0.0,220349.03,67500.05,1,0.0,0.0,0.0,0.0,0.0,0.0,67500.05,0.0,0.0
2,4,0,722455.85,0.0,0.0,0.0,0.0,0.0,0.0,0.0,0.0,4166.67,0.0,0.0,0.0,0.0,220349.03,71666.72,1,0.0,0.0,0.0,0.0,0.0,0.0,71666.72,0.0,0.0
2,5,0,722455.85,0.0,0.0,0.0,0.0,0.0,0.0,0.0,0.0,4166.67,0.0,0.0,0.0,0.0,220349.03,75833.39,1,0.0,0.0,0.0,0.0,0.0,0.0,75833.39,0.0,0.0
2,6,0,722455.85,0.0,0.0,0.0,0.0,0.0,0.0,0.0,0.0,4166.67,0.0,0.0,0.0,0.0,220349.03,80000.06,1,0.0,0.0,0.0,0.0,0.0,0.0,80000.06,0.0,0.0
2,7,0,722455.85,0.0,0.0,0.0,0.0,0.0,0.0,0.0,0.0,4166.67,0.0,0.0,0.0,0.0,220349.03,84166.73,1,0.0,0.0,0.0,0.0,0.0,0.0,84166.73,0.0,0.0
2,8,0,722455.85,0.0,0.0,0.0,0.0,0.0,0.0,0.0,0.0,4166.67,0.0,0.0,0.0,0.0,220349.03,88333.4,1,0.0,0.0,0.0,0.0,0.0,0.0,88333.4,0.0,0.0
2,9,0,722455.85,0.0,0.0,0.0,0.0,0.0,0.0,0.0,0.0,4166.67,0.0,0.0,0.0,0.0,220349.03,92500.07,1,0.0,0.0,0.0,0.0,0.0,0.0,92500.07,0.0,0.0
2,10,0,722455.85,0.0,0.0,0.0,0.0,0.0,0.0,0.0,0.0,4166.67,0.0,0.0,0.0,0.0,220349.03,96666.74,1,0.0,0.0,0.0,0.0,0.0,0.0,96666.74,0.0,0.0
2,11,0,722455.85,0.0,0.0,0.0,0.0,0.0,0.0,0.0,0.0,4166.67,0.0,0.0,0.0,0.0,220349.03,100833.41,1,0.0,0.0,0.0,0.0,0.0,0.0,100833.41,0.0,0.0
2,12,0,722455.85,0.0,0.0,0.0,0.0,0.0,0.0,0.0,0.0,4166.67,0.0,0.0,0.0,0.0,220349.03,105000.08,1,0.0,0.0,0.0,0.0,0.0,0.0,105000.08,0.0,0.0
3,1,0,751354.08,0.0,0.0,0.0,0.0,0.0,0.0,0.0,0.0,4166.67,0.0,0.0,0.0,0.0,229162.99,109166.75,1,0.0,0.0,0.0,0.0,0.0,0.0,109166.75,0.0,0.0
3,2,0,751354.08,0.0,0.0,0.0,0.0,0.0,0.0,0.0,0.0,4166.67,0.0,0.0,0.0,0.0,229162.99,113333.42,1,0.0,0.0,0.0,0.0,0.0,0.0,113333.42,0.0,0.0
3,3,0,751354.08,0.0,0.0,0.0,0.0,0.0,0.0,0.0,0.0,4166.67,0.0,0.0,0.0,0.0,229162.99,117500.09,1,0.0,0.0,0.0,0.0,0.0,0.0,117500.09,0.0,0.0
3,4,0,751354.08,0.0,0.0,0.0,0.0,0.0,0.0,0.0,0.0,4166.67,0.0,0.0,0.0,0.0,229162.99,121666.76,1,0.0,0.0,0.0,0.0,0.0,0.0,121666.76,0.0,0.0
3,5,0,751354.08,0.0,0.0,0.0,0.0,0.0,0.0,0.0,0.0,4166.67,0.0,0.0,0.0,0.0,229162.99,125833.43,1,0.0,0.0,0.0,0.0,0.0,0.0,125833.43,0.0,0.0
3,6,0,751354.08,0.0,0.0,0.0,0.0,0.0,0.0,0.0,0.0,4166.67,0.0,0.0,0.0,0.0,229162.99,130000.1,1,0.0,0.0,0.0,0.0,0.0,0.0,130000.1,0.0,0.0
3,7,0,751354.08,0.0,0.0,0.0,0.0,0.0,0.0,0.0,0.0,4166.67,0.0,0.0,0.0,0.0,229162.99,134166.77,1,0.0,0.0,0.0,0.0,0.0,0.0,134166.77,0.0,0.0
3,8,0,751354.08,0.0,0.0,0.0,0.0,0.0,0.0,0.0,0.0,4166.67,0.0,0.0,0.0,0.0,229162.99,138333.44,1,0.0,0.0,0.0,0.0,0.0,0.0,138333.44,0.0,0.0
3,9,0,751354.08,0.0,0.0,0.0,0.0,0.0,0.0,0.0,0.0,4166.67,0.0,0.0,0.0,0.0,229162.99,142500.11,1,0.0,0.0,0.0,0.0,0.0,0.0,142500.11,0.0,0.0
3,10,0,751354.08,0.0,0.0,0.0,0.0,0.0,0.0,0.0,0.0,4166.67,0.0,0.0,0.0,0.0,229162.99,146666.78,1,0.0,0.0,0.0,0.0,0.0,0.0,146666.78,0.0,0.0
3,11,0,751354.08,0.0,0.0,0.0,0.0,0.0,0.0,0.0,0.0,4166.67,0.0,0.0,0.0,0.0,229162.99,150833.45,1,0.0,0.0,0.0,0.0,0.0,0.0,150833.45,0.0,0.0
3,12,0,751354.08,0.0,0.0,0.0,0.0,0.0,0.0,0.0,0.0,4166.67,0.0,0.0,0.0,0.0,229162.99,155000.12,1,0.0,0.0,0.0,0.0,0.0,0.0,155000.12,0.0,0.0
4,1,0,781408.24,0.0,0.0,0.0,0.0,0.0,0.0,0.0,0.0,4166.67,0.0,0.0,0.0,0.0,238329.51,159166.79,1,0.0,0.0,0.0,0.0,0.0,0.0,159166.79,0.0,0.0
4,2,0,781408.24,0.0,0.0,0.0,0.0,0.0,0.0,0.0,0.0,4166.67,0.0,0.0,0.0,0.0,238329.51,163333.46,1,0.0,0.0,0.0,0.0,0.0,0.0,163333.46,0.0,0.0
4,3,0,781408.24,0.0,0.0,0.0,0.0,0.0,0.0,0.0,0.0,4166.67,0.0,0.0,0.0,0.0,238329.51,167500.13,1,0.0,0.0,0.0,0.0,0.0,0.0,167500.13,0.0,0.0
4,4,0,781408.24,0.0,0.0,0.0,0.0,0.0,0.0,0.0,0.0,4166.67,0.0,0.0,0.0,0.0,238329.51,171666.8,1,0.0,0.0,0.0,0.0,0.0,0.0,171666.8,0.0,0.0
4,5,0,781408.24,0.0,0.0,0.0,0.0,0.0,0.0,0.0,0.0,4166.67,0.0,0.0,0.0,0.0,238329.51,175833.47,1,0.0,0.0,0.0,0.0,0.0,0.0,175833.47,0.0,0.0
4,6,0,781408.24,0.0,0.0,0.0,0.0,0.0,0.0,0.0,0.0,4166.67,0.0,0.0,0.0,0.0,238329.51,180000.14,1,0.0,0.0,0.0,0.0,0.0,0.0,180000.14,0.0,0.0
4,7,0,781408.24,0.0,0.0,0.0,0.0,0.0,0.0,0.0,0.0,4166.67,0.0,0.0,0.0,0.0,238329.51,184166.81,1,0.0,0.0,0.0,0.0,0.0,0.0,184166.81,0.0,0.0
4,8,0,781408.24,0.0,0.0,0.0,0.0,0.0,0.0,0.0,0.0,4166.67,0.0,0.0,0.0,0.0,238329.51,188333.48,1,0.0,0.0,0.0,0.0,0.0,0.0,188333.48,0.0,0.0
4,9,0,781408.24,0.0,0.0,0.0,0.0,0.0,0.0,0.0,0.0,4166.67,0.0,0.0,0.0,0.0,238329.51,192500.15,1,0.0,0.0,0.0,0.0,0.0,0.0,192500.15,0.0,0.0
4,10,0,781408.24,0.0,0.0,0.0,0.0,0.0,0.0,0.0,0.0,4166.67,0.0,0.0,0.0,0.0,238329.51,196666.82,1,0.0,0.0,0.0,0.0,0.0,0.0,196666.82,0.0,0.0
4,11,0,781408.24,0.0,0.0,0.0,0.0,0.0,0.0,0.0,0.0,4166.67,0.0,0.0,0.0,0.0,238329.51,200833.49,1,0.0,0.0,0.0,0.0,0.0,0.0,200833.49,0.0,0.0
4,12,0,781408.24,0.0,0.0,0.0,0.0,0.0,0.0,0.0,0.0,4166.67,0.0,0.0,0.0,0.0,238329.51,205000.16,1,0.0,0.0,0.0,0.0,0.0,0.0,205000.16,0.0,0.0
5,1,0,812664.57,0.0,0.0,0.0,0.0,0.0,0.0,0.0,0.0,4166.67,0.0,0.0,0.0,0.0,247862.69,209166.83,1,0.0,0.0,0.0,0.0,0.0,0.0,209166.83,0.0,0.0
5,2,0,812664.57,0.0,0.0,0.0,0.0,0.0,0.0,0.0,0.0,4166.67,0.0,0.0,0.0,0.0,247862.69,213333.5,1,0.0,0.0,0.0,0.0,0.0,0.0,213333.5,0.0,0.0
5,3,0,812664.57,0.0,0.0,0.0,0.0,0.0,0.0,0.0,0.0,4166.67,0.0,0.0,0.0,0.0,247862.69,217500.17,1,0.0,0.0,0.0,0.0,0.0,0.0,217500.17,0.0,0.0
5,4,0,812664.57,0.0,0.0,0.0,0.0,0.0,0.0,0.0,0.0,4166.67,0.0,0.0,0.0,0.0,247862.69,221666.84,1,0.0,0.0,0.0,0.0,0.0,0.0,221666.84,0.0,0.0
5,5,0,812664.57,0.0,0.0,0.0,0.0,0.0,0.0,0.0,0.0,4166.67,0.0,0.0,0.0,0.0,247862.69,225833.51,1,0.0,0.0,0.0,0.0,0.0,0.0,225833.51,0.0,0.0
5,6,0,812664.57,0.0,0.0,0.0,0.0,0.0,0.0,0.0,0.0,4166.67,0.0,0.0,0.0,0.0,247862.69,230000.18,1,0.0,0.0,0.0,0.0,0.0,0.0,230000.18,0.0,0.0
5,7,0,812664.57,0.0,0.0,0.0,0.0,0.0,0.0,0.0,0.0,4166.67,0.0,0.0,0.0,0.0,247862.69,234166.85,1,0.0,0.0,0.0,0.0,0.0,0.0,234166.85,0.0,0.0
5,8,0,812664.57,0.0,0.0,0.0,0.0,0.0,0.0,0.0,0.0,4166.67,0.0,0.0,0.0,0.0,247862.69,238333.52,1,0.0,0.0,0.0,0.0,0.0,0.0,238333.52,0.0,0.0
5,9,0,812664.57,0.0,0.0,0.0,0.0,0.0,0.0,0.0,0.0,4166.67,0.0,0.0,0.0,0.0,247862.69,242500.19,1,0.0,0.0,0.0,0.0,0.0,0.0,242500.19,0.0,0.0
5,10,0,812664.57,0.0,0.0,0.0,0.0,0.0,0.0,0.0,0.0,4166.67,0.0,0.0,0.0,0.0,247862.69,246666.86,1,0.0,0.0,0.0,0.0,0.0,0.0,246666.86,0.0,0.0
5,11,1,812664.57,0.0,0.0,0.0,0.0,0.0,0.0,0.0,0.0,4166.67,0.0,0.0,0.0,0.0,247862.69,250833.53,0,186912.8511,162532.914,24379.9371,186912.8511,0.0,0.0,63920.68,814696.23,649582.78
5,12,1,812664.57,12022.05,2404.41,1202.2,1247.85,2240.41,373.4,4260.05,5755.98,4166.67,48730.25,48730.25,48730.25,1202.2,268179.31,68381.08,1,0.0,0.0,0.0,0.0,0.0,0.0,19650.83,816732.97,649030.77
6,1,1,845171.15,12502.93,2500.59,1250.29,1297.76,2246.02,374.34,4260.05,6084.219999999999,4166.67,49069.01,49069.01,338.76,2452.49,278906.48,73121.63,1,0.0,0.0,0.0,0.0,0.0,0.0,24052.62,818774.8,648475.61
6,2,1,845171.15,11292.97,2258.59,1129.3,1297.76,2251.63,375.27,4260.05,5109.719999999999,4166.67,49108.25,49108.25,39.24,3581.79,278906.48,77008.67,1,0.0,0.0,0.0,0.0,0.0,0.0,27900.42,820821.74,647917.28
6,3,1,845171.15,12502.93,2500.59,1250.29,1297.76,2257.26,376.21,4260.05,6071.11,4166.67,49147.67,49147.67,39.42,4832.08,278906.48,81736.11,1,0.0,0.0,0.0,0.0,0.0,0.0,32588.44,822873.8,647355.76
6,4,1,845171.15,12099.61,2419.92,1209.96,1297.76,2262.9,377.15,4260.05,5741.880000000001,4166.67,49187.15,49187.15,39.48,6042.04,278906.48,86174.65,1,0.0,0.0,0.0,0.0,0.0,0.0,36987.5,824930.98,646791.03
6,5,1,845171.15,12502.93,2500.59,1250.29,1297.76,2268.56,378.09,4260.05,6057.93,4166.67,49226.75,49226.75,39.6,7292.33,278906.48,90888.91,1,0.0,0.0,0.0,0.0,0.0,0.0,41662.16,826993.31,646223.08
6,6,1,845171.15,12099.61,2419.92,1209.96,1297.76,2274.23,379.04,4260.05,5728.660000000001,4166.67,49266.47,49266.47,39.72,8502.29,278906.48,95314.23,1,0.0,0.0,0.0,0.0,0.0,0.0,46047.76,829060.79,645651.89
6,7,1,845171.15,12502.93,2500.59,1250.29,1297.76,2279.92,379.99,4260.05,6044.67,4166.67,49306.31,49306.31,39.84,9752.58,278906.48,100015.23,1,0.0,0.0,0.0,0.0,0.0,0.0,50708.92,831133.44,645077.44
6,8,1,845171.15,12502.93,2500.59,1250.29,1297.76,2285.62,380.94,4260.05,6038.02,4166.67,49346.21,49346.21,39.9,11002.87,278906.48,104709.58,1,0.0,0.0,0.0,0.0,0.0,0.0,55363.37,833211.28,644499.71
6,9,1,845171.15,12099.61,2419.92,1209.96,1297.76,2291.33,381.89,4260.05,5708.71,4166.67,49386.17,49386.17,39.96,12212.83,278906.48,109114.95,1,0.0,0.0,0.0,0.0,0.0,0.0,59728.78,835294.3,643918.68
6,10,1,845171.15,12502.93,2500.59,1250.29,1297.76,2297.06,382.84,4260.05,6024.68,4166.67,49426.25,49426.25,40.08,13463.12,278906.48,113795.96,1,0.0,0.0,0.0,0.0,0.0,0.0,64369.71,837382.54,643334.33
6,11,1,845171.15,12099.61,2419.92,1209.96,1297.76,2302.8,383.8,4260.05,5695.33,4166.67,49466.45,49466.45,40.2,14673.08,278906.48,118187.95,1,0.0,0.0,0.0,0.0,0.0,0.0,68721.5,839476.0,642746.65
6,12,1,845171.15,12502.93,2500.59,1250.29,1297.76,2308.56,384.76,4260.05,6011.26,4166.67,49506.77,49506.77,40.32,15923.37,278906.48,122855.54,1,0.0,0.0,0.0,0.0,0.0,0.0,73348.77,841574.69,642155.61
7,1,1,878978.0,13003.05,2600.61,1300.31,1349.67,2314.33,385.72,4260.05,6352.719999999998,4166.67,49858.61,49858.61,351.84,17223.68,290062.74,127814.57,1,0.0,0.0,0.0,0.0,0.0,0.0,77955.96,843678.62,641561.2
7,2,1,878978.0,11744.69,2348.94,1174.47,1349.67,2320.12,386.69,4260.05,5339.27,4166.67,49899.17,49899.17,40.56,18398.15,290062.74,131885.99,1,0.0,0.0,0.0,0.0,0.0,0.0,81986.82,845787.82,640963.4
7,3,1,878978.0,13003.05,2600.61,1300.31,1349.67,2325.92,387.65,4260.05,6339.199999999999,4166.67,49939.73,49939.73,40.56,19698.46,290062.74,136831.5,1,0.0,0.0,0.0,0.0,0.0,0.0,86891.77,847902.29,640362.19
7,4,1,878978.0,12583.6,2516.72,1258.36,1349.67,2331.73,388.62,4260.05,5996.8600000000015,4166.67,49980.41,49980.41,40.68,20956.82,290062.74,141476.62,1,0.0,0.0,0.0,0.0,0.0,0.0,91496.21,850022.05,639757.54
7,5,1,878978.0,13003.05,2600.61,1300.31,1349.67,2337.56,389.59,4260.05,6325.619999999999,4166.67,50021.21,50021.21,40.8,22257.13,290062.74,146408.55,1,0.0,0.0,0.0,0.0,0.0,0.0,96387.34,852147.1,639149.44
7,6,1,878978.0,12583.6,2516.72,1258.36,1349.67,2343.4,390.57,4260.05,5983.240000000002,4166.67,50062.13,50062.13,40.92,23515.49,290062.74,151040.05,1,0.0,0.0,0.0,0.0,0.0,0.0,100977.92,854277.47,638537.87
7,7,1,878978.0,13003.05,2600.61,1300.31,1349.67,2349.26,391.54,4260.05,6311.969999999998,4166.67,50103.11,50103.11,40.98,24815.8,290062.74,155958.33,1,0.0,0.0,0.0,0.0,0.0,0.0,105855.22,856413.16,637922.81
7,8,1,878978.0,13003.05,2600.61,1300.31,1349.67,2355.14,392.52,4260.05,6305.109999999999,4166.67,50144.27,50144.27,41.16,26116.11,290062.74,160869.75,1,0.0,0.0,0.0,0.0,0.0,0.0,110725.48,858554.19,637304.24
7,9,1,878978.0,12583.6,2516.72,1258.36,1349.67,2361.02,393.5,4260.05,5962.6900000000005,4166.67,50185.43,50185.43,41.16,27374.47,290062.74,165480.7,1,0.0,0.0,0.0,0.0,0.0,0.0,115295.27,860700.58,636682.14
7,10,1,878978.0,13003.05,2600.61,1300.31,1349.67,2366.93,394.49,4260.05,6291.3499999999985,4166.67,50226.83,50226.83,41.4,28674.78,290062.74,170378.36,1,0.0,0.0,0.0,0.0,0.0,0.0,120151.53,862852.33,636056.49
7,11,1,878978.0,12583.6,2516.72,1258.36,1349.67,2372.84,395.47,4260.05,5948.900000000001,4166.67,50268.17,50268.17,41.34,29933.14,290062.74,174975.52,1,0.0,0.0,0.0,0.0,0.0,0.0,124707.35,865009.46,635427.26
7,12,1,878978.0,13003.05,2600.61,1300.31,1349.67,2378.78,396.46,4260.05,6277.529999999998,4166.67,50309.75,50309.75,41.58,31233.45,290062.74,179859.36,1,0.0,0.0,0.0,0.0,0.0,0.0,129549.61,867171.99,634794.44
8,1,1,914137.12,13523.17,2704.63,1352.32,1403.66,2384.72,397.45,4260.05,6632.710000000002,4166.67,50675.27,50675.27,365.52,32585.77,301665.25,185046.37,1,0.0,0.0,0.0,0.0,0.0,0.0,134371.1,869339.92,634158.01
8,2,1,914137.12,12214.48,2442.9,1221.45,1403.66,2390.68,398.45,4260.05,5578.79,4166.67,50717.03,50717.03,41.76,33807.22,301665.25,189310.33,1,0.0,0.0,0.0,0.0,0.0,0.0,138593.3,871513.27,633517.95
8,3,1,914137.12,13523.17,2704.63,1352.32,1403.66,2396.66,399.44,4260.05,6618.780000000002,4166.67,50758.85,50758.85,41.82,35159.54,301665.25,194483.41,1,0.0,0.0,0.0,0.0,0.0,0.0,143724.56,873692.05,632874.23
8,4,1,914137.12,13086.94,2617.39,1308.69,1403.66,2402.65,400.44,4260.05,6262.800000000002,4166.67,50800.79,50800.79,41.94,36468.23,301665.25,199344.14,1,0.0,0.0,0.0,0.0,0.0,0.0,148543.35,875876.28,632226.84
8,5,1,914137.12,13523.17,2704.63,1352.32,1403.66,2408.66,401.44,4260.05,6604.780000000002,4166.67,50842.85,50842.85,42.06,37820.55,301665.25,204503.22,1,0.0,0.0,0.0,0.0,0.0,0.0,153660.37,878065.97,631575.75
8,6,1,914137.12,13086.94,2617.39,1308.69,1403.66,2414.68,402.45,4260.05,6248.760000000001,4166.67,50885.03,50885.03,42.18,39129.24,301665.25,209349.91,1,0.0,0.0,0.0,0.0,0.0,0.0,158464.88,880261.13,630920.95
8,7,1,914137.12,13523.17,2704.63,1352.32,1403.66,2420.72,403.45,4260.05,6590.710000000002,4166.67,50927.27,50927.27,42.24,40481.56,301665.25,214494.92,1,0.0,0.0,0.0,0.0,0.0,0.0,163567.65,882461.79,630262.41
8,8,1,914137.12,13523.17,2704.63,1352.32,1403.66,2426.77,404.46,4260.05,6583.650000000001,4166.67,50969.63,50969.63,42.36,41833.88,301665.25,219632.87,1,0.0,0.0,0.0,0.0,0.0,0.0,168663.24,884667.94,629600.11
8,9,1,914137.12,13086.94,2617.39,1308.69,1403.66,2432.84,405.47,4260.05,6227.580000000001,4166.67,51012.11,51012.11,42.48,43142.57,301665.25,224458.38,1,0.0,0.0,0.0,0.0,0.0,0.0,173446.27,886879.61,628934.03
8,10,1,914137.12,13523.17,2704.63,1352.32,1403.66,2438.92,406.49,4260.05,6569.470000000001,4166.67,51054.71,51054.71,42.6,44494.89,301665.25,229582.15,1,0.0,0.0,0.0,0.0,0.0,0.0,178527.44,889096.81,628264.15
8,11,1,914137.12,13086.94,2617.39,1308.69,1403.66,2445.02,407.5,4260.05,6213.370000000001,4166.67,51097.37,51097.37,42.66,45803.58,301665.25,234393.45,1,0.0,0.0,0.0,0.0,37401.7,0.0,183296.08,891319.55,666142.75
8,12,1,914137.12,13523.17,2704.63,1352.32,1403.66,2451.13,408.52,3944.51,6555.230000000001,4166.67,49246.91,51097.37,0.0,47155.9,301665.25,277220.22,1,0.0,0.0,0.0,0.0,0.0,0.0,226122.85,893547.85,665459.57
9,1,1,950702.61,14064.1,2812.82,1406.41,1459.81,2457.26,409.54,3944.51,6924.670000000001,4166.67,49626.71,51097.37,0.0,48562.31,313731.86,282960.64,1,0.0,0.0,0.0,0.0,0.0,0.0,231863.27,895781.72,664773.04
9,2,1,950702.61,12703.06,2540.61,1270.31,1459.81,2463.4,410.57,3944.51,5828.67,4166.67,49669.73,51097.37,0.0,49832.62,313731.86,287741.16,1,0.0,0.0,0.0,0.0,0.0,0.0,236643.79,898021.18,664083.15
9,3,1,950702.61,14064.1,2812.82,1406.41,1459.81,2469.56,411.59,3944.51,6910.3200000000015,4166.67,49712.81,51097.37,0.0,51239.03,313731.86,293467.23,1,0.0,0.0,0.0,0.0,0.0,0.0,242369.86,900266.23,663389.88
9,4,1,950702.61,13610.42,2722.08,1361.04,1459.81,2475.73,412.62,3944.51,6540.180000000001,4166.67,49756.01,51097.37,0.0,52600.07,313731.86,298868.53,1,0.0,0.0,0.0,0.0,0.0,0.0,247771.16,902516.89,662693.22
9,5,1,950702.61,14064.1,2812.82,1406.41,1459.81,2481.92,413.65,3944.51,6895.9000000000015,4166.67,49799.33,51097.37,0.0,54006.48,313731.86,304580.18,1,0.0,0.0,0.0,0.0,0.0,0.0,253482.81,904773.19,661993.15
9,6,1,950702.61,13610.42,2722.08,1361.04,1459.81,2488.13,414.69,3944.51,6525.710000000001,4166.67,49842.83,51097.37,0.0,55367.52,313731.86,309967.01,1,0.0,0.0,0.0,0.0,0.0,0.0,258869.64,907035.12,661289.65
9,7,1,950702.61,14064.1,2812.82,1406.41,1459.81,2494.35,415.72,3944.51,6881.400000000001,4166.67,49886.33,51097.37,0.0,56773.93,313731.86,315664.16,0,0.0,0.0,0.0,0.0,0.0,0.0,264566.79,909302.71,660582.71
9,8,2,950702.61,14064.1,2812.82,1406.41,1459.81,2500.58,416.76,3944.51,6874.130000000001,4166.67,49929.95,51097.37,0.0,58180.34,313731.86,321354.04,0,266196.7308,237675.6525,28521.078299999997,266196.7308,0.0,0.0,4059.94,1864655.33,1372297.29
9,9,2,950702.61,27220.84,5444.17,2722.08,2919.61,5127.8,854.63,8616.68,12874.63,4166.67,105112.33,60859.84,9762.47,60902.42,337499.43,60859.84,1,0.0,0.0,0.0,0.0,0.0,0.0,0.0,1869316.97,1370977.99
9,10,2,950702.61,28128.2,5625.64,2812.82,2919.61,5140.62,856.77,8616.68,13585.560000000001,4166.67,105202.09,67182.56,6322.72,63715.24,337499.43,67182.56,1,0.0,0.0,0.0,0.0,0.0,0.0,0.0,1873990.26,1369651.74
9,11,2,950702.61,27220.84,5444.17,2722.08,2919.61,5153.47,858.91,8616.68,12844.679999999997,4166.67,105292.03,72855.14,5672.58,66437.32,337499.43,72855.14,1,0.0,0.0,0.0,0.0,0.0,0.0,0.0,1878675.24,1368318.5
9,12,2,950702.61,28128.2,5625.64,2812.82,2919.61,5166.36,861.06,8616.68,13555.53,4166.67,105382.27,79147.83,6292.69,69250.14,337499.43,79147.83,1,0.0,0.0,0.0,0.0,0.0,0.0,0.0,1883371.93,1366978.24
10,1,2,988730.71,29253.33,5850.67,2925.33,3036.4,5179.27,863.21,8616.68,14323.780000000002,4166.67,106173.37,86096.26,6948.43,72175.47,350999.4,86096.26,1,0.0,0.0,0.0,0.0,0.0,0.0,0.0,1888080.36,1365630.91
10,2,2,988730.71,26422.36,5284.47,2642.24,3036.4,5192.22,865.37,8616.68,12043.899999999996,4166.67,106264.03,91047.9,4951.64,74817.71,350999.4,91047.9,1,0.0,0.0,0.0,0.0,0.0,0.0,0.0,1892800.56,1364276.49
10,3,2,988730.71,29253.33,5850.67,2925.33,3036.4,5205.2,867.53,8616.68,14293.53,4166.67,106354.87,97966.08,6918.18,77743.04,350999.4,97966.08,1,0.0,0.0,0.0,0.0,0.0,0.0,0.0,1897532.56,1362914.93
10,4,2,988730.71,28309.67,5661.93,2830.97,3036.4,5218.21,869.7,8616.68,13523.429999999997,4166.67,106445.95,104208.52,6242.44,80574.01,350999.4,104208.52,1,0.0,0.0,0.0,0.0,0.0,0.0,0.0,1902276.39,1361546.19
10,5,2,988730.71,29253.33,5850.67,2925.33,3036.4,5231.26,871.88,8616.68,14263.120000000003,4166.67,106537.33,106537.33,2328.81,83499.34,350999.4,111096.29,1,0.0,0.0,0.0,0.0,0.0,0.0,4558.96,1907032.08,1360170.24
10,6,2,988730.71,28309.67,5661.93,2830.97,3036.4,5244.34,874.06,8616.68,13492.939999999997,4166.67,106628.89,106628.89,91.56,86330.31,350999.4,117308.24,1,0.0,0.0,0.0,0.0,0.0,0.0,10679.35,1911799.66,1358787.04
10,7,2,988730.71,29253.33,5850.67,2925.33,3036.4,5257.45,876.24,8616.68,14232.570000000002,4166.67,106720.63,106720.63,91.74,89255.64,350999.4,124165.46,1,0.0,0.0,0.0,0.0,0.0,0.0,17444.83,1916579.16,1357396.55
10,8,2,988730.71,29253.33,5850.67,2925.33,3036.4,5270.59,878.43,8616.68,14217.240000000002,4166.67,106812.61,106812.61,91.98,92180.97,350999.4,131007.35,1,0.0,0.0,0.0,0.0,0.0,0.0,24194.74,1921370.61,1355998.74
10,9,2,988730.71,28309.67,5661.93,2830.97,3036.4,5283.77,880.63,8616.68,13446.939999999997,4166.67,106904.89,106904.89,92.28,95011.94,350999.4,137173.3,1,0.0,0.0,0.0,0.0,0.0,0.0,30268.41,1926174.03,1354593.56
10,10,2,988730.71,29253.33,5850.67,2925.33,3036.4,5296.98,882.83,8616.68,14186.450000000003,4166.67,106997.35,106997.35,92.46,97937.27,350999.4,143984.4,1,0.0,0.0,0.0,0.0,0.0,0.0,36987.05,1930989.47,1353180.97
10,11,2,988730.71,28309.67,5661.93,2830.97,3036.4,5310.22,885.04,8616.68,13416.079999999994,4166.67,107090.05,107090.05,92.7,100768.24,350999.4,150119.49,1,0.0,0.0,0.0,0.0,0.0,0.0,43029.44,1935816.94,1351760.93
10,12,2,988730.71,29253.33,5850.67,2925.33,3036.4,5323.5,887.25,8616.68,14155.510000000002,4166.67,107182.99,107182.99,92.94,103693.57,350999.4,156899.65,1,0.0,0.0,0.0,0.0,0.0,0.0,49716.66,1940656.48,1350333.41
11,1,2,1028279.94,30423.46,6084.69,3042.35,3157.85,5336.81,889.47,8616.68,14954.640000000001,4166.67,108004.87,108004.87,821.88,106735.92,365039.38,164361.92,1,0.0,0.0,0.0,0.0,0.0,0.0,56357.05,1945508.13,1348898.37
11,2,2,1028279.94,27479.25,5495.85,2747.93,3157.85,5350.15,891.69,8616.68,12583.710000000003,4166.67,108098.23,108098.23,93.36,109483.85,365039.38,169747.68,1,0.0,0.0,0.0,0.0,0.0,0.0,61649.45,1950371.9,1347455.76
11,3,2,1028279.94,30423.46,6084.69,3042.35,3157.85,5363.52,893.92,8616.68,14923.480000000001,4166.67,108191.83,108191.83,93.6,112526.2,365039.38,177178.79,1,0.0,0.0,0.0,0.0,0.0,0.0,68986.96,1955247.83,1346005.55
11,4,2,1028279.94,29442.06,5888.41,2944.21,3157.85,5376.93,896.16,8616.68,14122.710000000003,4166.67,108285.73,108285.73,93.9,115470.41,365039.38,183907.27,1,0.0,0.0,0.0,0.0,0.0,0.0,75621.54,1960135.95,1344547.69
11,5,2,1028279.94,30423.46,6084.69,3042.35,3157.85,5390.37,898.4,8616.68,14892.150000000003,4166.67,108379.81,108379.81,94.08,118512.76,365039.38,191307.05,1,0.0,0.0,0.0,0.0,0.0,0.0,82927.24,1965036.29,1343082.15
11,6,2,1028279.94,29442.06,5888.41,2944.21,3157.85,5403.85,900.64,8616.68,14091.310000000003,4166.67,108474.13,108474.13,94.32,121456.97,365039.38,198004.13,1,0.0,0.0,0.0,0.0,0.0,0.0,89530.0,1969948.88,1341608.87
11,7,2,1028279.94,30423.46,6084.69,3042.35,3157.85,5417.36,902.89,8616.68,14860.670000000002,4166.67,108568.69,108568.69,94.56,124499.32,365039.38,205372.43,1,0.0,0.0,0.0,0.0,0.0,0.0,96803.74,1974873.75,1340127.83
11,8,2,1028279.94,30423.46,6084.69,3042.35,3157.85,5430.9,905.15,8616.68,14844.870000000003,4166.67,108663.49,108663.49,94.8,127541.67,365039.38,212724.93,1,0.0,0.0,0.0,0.0,0.0,0.0,104061.44,1979810.93,1338638.98
11,9,2,1028279.94,29442.06,5888.41,2944.21,3157.85,5444.48,907.41,8616.68,14043.910000000003,4166.67,108758.53,108758.53,95.04,130485.88,365039.38,219374.61,1,0.0,0.0,0.0,0.0,0.0,0.0,110616.08,1984760.46,1337142.28
11,10,2,1028279.94,30423.46,6084.69,3042.35,3157.85,5458.09,909.68,8616.68,14813.150000000001,4166.67,108853.81,108853.81,95.28,133528.23,365039.38,226695.39,1,0.0,0.0,0.0,0.0,0.0,0.0,117841.58,1989722.36,1335637.69
11,11,2,1028279.94,29442.06,5888.41,2944.21,3157.85,5471.74,911.96,8616.68,14012.100000000002,4166.67,108949.39,108949.39,95.58,136472.44,365039.38,233313.26,1,0.0,0.0,0.0,0.0,86726.24,0.0,124363.87,1994696.67,1423600.41
11,12,2,1028279.94,30423.46,6084.69,3042.35,3157.85,5485.42,914.24,8987.67,14781.260000000002,4166.67,111271.07,111271.07,2321.68,139514.79,365039.38,326957.41,1,0.0,0.0,0.0,0.0,0.0,0.0,215686.34,1999683.41,1422146.98
12,1,2,1069411.14,31640.4,6328.08,3164.04,3284.17,5499.13,916.52,8987.67,15612.5,4166.67,112124.93,112124.93,853.86,142678.83,379640.95,334584.87,1,0.0,0.0,0.0,0.0,0.0,0.0,222459.94,2004682.62,1420685.86
12,2,2,1069411.14,28578.43,5715.69,2857.84,3284.17,5512.88,918.81,8987.67,13146.88,4166.67,112221.17,112221.17,96.24,145536.67,379640.95,340052.91,1,0.0,0.0,0.0,0.0,0.0,0.0,227831.74,2009694.32,1419217.02
12,3,2,1069411.14,31640.4,6328.08,3164.04,3284.17,5526.66,921.11,8987.67,15580.380000000001,4166.67,112317.65,112317.65,96.48,148700.71,379640.95,347648.25,1,0.0,0.0,0.0,0.0,0.0,0.0,235330.6,2014718.56,1417740.4
12,4,2,1069411.14,30619.74,6123.95,3061.97,3284.17,5540.48,923.41,8987.67,14747.730000000003,4166.67,112414.37,112414.37,96.72,151762.68,379640.95,354513.01,1,0.0,0.0,0.0,0.0,0.0,0.0,242098.64,2019755.36,1416255.97
12,5,2,1069411.14,31640.4,6328.08,3164.04,3284.17,5554.33,925.72,8987.67,15548.1,4166.67,112511.33,112511.33,96.96,154926.72,379640.95,362076.07,1,0.0,0.0,0.0,0.0,0.0,0.0,249564.74,2024804.74,1414763.69
12,6,2,1069411.14,30619.74,6123.95,3061.97,3284.17,5568.21,928.04,8987.67,14715.370000000003,4166.67,112608.53,112608.53,97.2,157988.69,379640.95,368908.47,1,0.0,0.0,0.0,0.0,0.0,0.0,256299.94,2029866.76,1413263.51
12,7,2,1069411.14,31640.4,6328.08,3164.04,3284.17,5582.13,930.36,8987.67,15515.66,4166.67,112705.97,112705.97,97.44,161152.73,379640.95,376439.09,1,0.0,0.0,0.0,0.0,0.0,0.0,263733.12,2034941.42,1411755.39
12,8,2,1069411.14,31640.4,6328.08,3164.04,3284.17,5596.09,932.68,8987.67,15499.380000000001,4166.67,112803.65,112803.65,97.68,164316.77,379640.95,383953.43,0,0.0,0.0,0.0,0.0,88312.88,0.0,271149.78,2040028.78,1501227.04
12,9,3,1069411.14,30619.74,6123.95,3061.97,3284.17,5610.08,935.01,8930.01,14666.530000000002,4166.67,112555.62,112803.65,0.0,167378.74,379640.95,479107.53,0,299435.1192,267352.785,32082.334199999998,299435.1192,0.0,0.0,66868.76,3117213.52,2301028.0
12,10,3,1069411.14,47460.6,9492.12,4746.06,4926.25,8572.34,1428.72,14185.57,23041.169999999995,4166.67,174677.29,174677.29,61873.64,172124.8,406376.23,187948.62,1,0.0,0.0,0.0,0.0,0.0,0.0,13271.33,3125006.55,2298759.0
12,11,3,1069411.14,45929.61,9185.92,4592.96,4926.25,8593.77,1432.29,14185.57,21791.38,4166.67,174827.29,174827.29,150.0,176717.76,406376.23,195128.14,1,0.0,0.0,0.0,0.0,0.0,0.0,20300.85,3132819.07,2296478.34
12,12,3,1069411.14,47460.6,9492.12,4746.06,4926.25,8615.25,1435.88,14185.57,22991.099999999995,4166.67,174977.71,174977.71,150.42,181463.82,406376.23,203354.28,1,0.0,0.0,0.0,0.0,0.0,0.0,28376.57,3140651.11,2294185.96
13,1,3,1112187.58,49359.02,9871.8,4935.9,5123.3,8636.79,1439.47,14185.57,24287.659999999996,4166.67,176310.79,176310.79,1333.08,186399.72,422631.28,212687.14,1,0.0,0.0,0.0,0.0,0.0,0.0,36376.35,3148502.74,2291881.79
13,2,3,1112187.58,44582.34,8916.47,4458.23,5123.3,8658.38,1443.06,14185.57,20441.129999999994,4166.67,176461.87,176461.87,151.08,190857.95,422631.28,218651.14,1,0.0,0.0,0.0,0.0,0.0,0.0,42189.27,3156374.0,2289565.78
13,3,3,1112187.58,49359.02,9871.8,4935.9,5123.3,8680.03,1446.67,14185.57,24237.22,4166.67,176613.43,176613.43,151.56,195793.85,422631.28,227933.56,1,0.0,0.0,0.0,0.0,0.0,0.0,51320.13,3164264.93,2287237.87
13,4,3,1112187.58,47766.8,9553.36,4776.68,5123.3,8701.73,1450.29,14185.57,22938.12,4166.67,176765.35,176765.35,151.92,200570.53,422631.28,236076.1,1,0.0,0.0,0.0,0.0,0.0,0.0,59310.75,3172175.6,2284897.99
13,5,3,1112187.58,49359.02,9871.8,4935.9,5123.3,8723.48,1453.91,14185.57,24186.53,4166.67,176917.57,176917.57,152.22,205506.43,422631.28,245307.83,1,0.0,0.0,0.0,0.0,0.0,0.0,68390.26,3180106.04,2282546.09
13,6,3,1112187.58,47766.8,9553.36,4776.68,5123.3,8745.29,1457.55,14185.57,22887.3,4166.67,177070.27,177070.27,152.7,210283.11,422631.28,253399.55,1,0.0,0.0,0.0,0.0,0.0,0.0,76329.28,3188056.3,2280182.09
13,7,3,1112187.58,49359.02,9871.8,4935.9,5123.3,8767.15,1461.19,14185.57,24135.579999999998,4166.67,177223.27,177223.27,153.0,215219.01,422631.28,262580.33,1,0.0,0.0,0.0,0.0,0.0,0.0,85357.06,3196026.44,2277805.93
13,8,3,1112187.58,49359.02,9871.8,4935.9,5123.3,8789.07,1464.85,14185.57,24110.0,4166.67,177376.75,177376.75,153.48,220154.91,422631.28,271735.53,1,0.0,0.0,0.0,0.0,0.0,0.0,94358.78,3204016.51,2275417.56
13,9,3,1112187.58,47766.8,9553.36,4776.68,5123.3,8811.05,1468.51,14185.57,22810.58,4166.67,177530.59,177530.59,153.84,224931.59,422631.28,279750.53,1,0.0,0.0,0.0,0.0,0.0,0.0,102219.94,3212026.55,2273016.91
13,10,3,1112187.58,49359.02,9871.8,4935.9,5123.3,8833.07,1472.18,14185.57,24058.67,4166.67,177684.73,177684.73,154.14,229867.49,422631.28,288854.4,1,0.0,0.0,0.0,0.0,0.0,0.0,111169.67,3220056.61,2270603.92
13,11,3,1112187.58,47766.8,9553.36,4776.68,5123.3,8855.16,1475.86,14185.57,22759.12,4166.67,177839.35,177839.35,154.62,234644.17,422631.28,296817.94,1,0.0,0.0,0.0,0.0,0.0,0.0,118978.59,3228106.76,2268178.53
13,12,3,1112187.58,49359.02,9871.8,4935.9,5123.3,8877.29,1479.55,14185.57,24007.079999999998,4166.67,177994.27,177994.27,154.92,239580.07,422631.28,305870.22,1,0.0,0.0,0.0,0.0,0.0,0.0,127875.95,3236177.02,2265740.66
14,1,3,1156675.08,51333.38,10266.68,5133.34,5328.24,8899.49,1483.25,14185.57,25355.72,4166.67,179379.31,179379.31,1385.04,244713.41,439536.53,316073.7,1,0.0,0.0,0.0,0.0,0.0,0.0,136694.39,3244267.47,2263290.26
14,2,3,1156675.08,46365.64,9273.13,4636.56,5328.24,8921.74,1486.96,14185.57,21355.570000000007,4166.67,179535.07,179535.07,155.76,249349.97,439536.53,322773.81,1,0.0,0.0,0.0,0.0,0.0,0.0,143238.74,3252378.13,2260827.26
14,3,3,1156675.08,51333.38,10266.68,5133.34,5328.24,8944.04,1490.67,14185.57,25303.75,4166.67,179691.13,179691.13,156.06,254483.31,439536.53,332925.32,1,0.0,0.0,0.0,0.0,0.0,0.0,153234.19,3260509.08,2258351.6
14,4,3,1156675.08,49677.47,9935.49,4967.75,5328.24,8966.4,1494.4,14185.57,23952.940000000002,4166.67,179847.67,179847.67,156.54,259451.06,439536.53,341891.61,1,0.0,0.0,0.0,0.0,0.0,0.0,162043.94,3268660.35,2255863.21
14,5,3,1156675.08,51333.38,10266.68,5133.34,5328.24,8988.82,1498.14,14185.57,25251.5,4166.67,180004.63,180004.63,156.96,264584.4,439536.53,351990.87,1,0.0,0.0,0.0,0.0,0.0,0.0,171986.24,3276832.0,2253362.02
14,6,3,1156675.08,49677.47,9935.49,4967.75,5328.24,9011.29,1501.88,14185.57,23900.570000000003,4166.67,180161.89,180161.89,157.26,269552.15,439536.53,360904.79,1,0.0,0.0,0.0,0.0,0.0,0.0,180742.9,3285024.08,2250847.97
14,7,3,1156675.08,51333.38,10266.68,5133.34,5328.24,9033.82,1505.64,14185.57,25199.0,4166.67,180319.63,180319.63,157.74,274685.49,439536.53,370951.55,1,0.0,0.0,0.0,0.0,0.0,0.0,190631.92,3293236.64,2248320.99
14,8,3,1156675.08,51333.38,10266.68,5133.34,5328.24,9056.4,1509.4,14185.57,25172.659999999996,4166.67,180477.67,180477.67,158.04,279818.83,439536.53,380971.97,1,0.0,0.0,0.0,0.0,0.0,0.0,200494.3,3301469.74,2245781.02
14,9,3,1156675.08,49677.47,9935.49,4967.75,5328.24,9079.04,1513.17,14185.57,23821.530000000006,4166.67,180636.13,180636.13,158.46,284786.58,439536.53,389806.85,1,0.0,0.0,0.0,0.0,0.0,0.0,209170.72,3309723.41,2243227.98
14,10,3,1156675.08,51333.38,10266.68,5133.34,5328.24,9101.74,1516.96,14185.57,25119.760000000002,4166.67,180795.07,180795.07,158.94,289919.92,439536.53,399774.37,1,0.0,0.0,0.0,0.0,0.0,0.0,218979.3,3317997.72,2240661.81
14,11,3,1156675.08,49677.47,9935.49,4967.75,5328.24,9124.49,1520.75,14185.57,23768.500000000007,4166.67,180954.31,180954.31,159.24,294887.67,439536.53,408556.22,1,0.0,0.0,0.0,0.0,94882.96,0.0,227601.91,3326292.71,2335972.96
14,12,4,1156675.08,51333.38,10266.68,5133.34,5328.24,9147.3,1524.55,14591.45,25066.61,4166.67,183549.24,183549.24,2594.93,300021.01,439536.53,512947.67,0,323869.0224000001,289168.77,34700.2524,323869.0224000001,0.0,0.0,5529.41,4494175.21,3200227.61
15,1,4,1202942.09,71182.29,14236.46,7118.23,7388.49,12358.98,2059.83,20275.86,35138.53,4166.67,252498.99,200989.75,17440.51,307139.24,487191.55,200989.75,1,0.0,0.0,0.0,0.0,0.0,0.0,0.0,4505410.65,3196958.8
15,2,4,1202942.09,64293.68,12858.74,6429.37,7388.49,12389.88,2064.98,20275.86,29591.590000000007,4166.67,252715.29,208042.77,7053.02,313568.61,487191.55,208042.77,1,0.0,0.0,0.0,0.0,0.0,0.0,0.0,4516674.18,3193672.74
15,3,4,1202942.09,71182.29,14236.46,7118.23,7388.49,12420.85,2070.14,20275.86,35066.35,4166.67,252932.07,219881.69,11838.92,320686.84,487191.55,219881.69,1,0.0,0.0,0.0,0.0,0.0,0.0,0.0,4527965.86,3190369.34
15,4,4,1202942.09,68886.09,13777.22,6888.61,7388.49,12451.91,2075.32,20275.86,33193.15,4166.67,253149.51,230077.03,10195.34,327575.45,487191.55,230077.03,1,0.0,0.0,0.0,0.0,0.0,0.0,0.0,4539285.78,3187048.51
15,5,4,1202942.09,71182.29,14236.46,7118.23,7388.49,12483.04,2080.51,20275.86,34993.78999999999,4166.67,253367.43,241843.39,11766.36,334693.68,487191.55,241843.39,1,0.0,0.0,0.0,0.0,0.0,0.0,0.0,4550633.99,3183710.17
15,6,4,1202942.09,68886.09,13777.22,6888.61,7388.49,12514.24,2085.71,20275.86,33120.43,4166.67,253585.83,251966.01,10122.62,341582.29,487191.55,251966.01,1,0.0,0.0,0.0,0.0,0.0,0.0,0.0,4562010.58,3180354.2
15,7,4,1202942.09,71182.29,14236.46,7118.23,7388.49,12545.53,2090.92,20275.86,34920.89,4166.67,253804.83,253804.83,1838.82,348700.52,487191.55,263659.47,1,0.0,0.0,0.0,0.0,0.0,0.0,9854.64,4573415.6,3176980.52
15,8,4,1202942.09,71182.29,14236.46,7118.23,7388.49,12576.89,2096.15,20275.86,34884.299999999996,4166.67,254024.37,254024.37,219.54,355818.75,487191.55,275316.34,1,0.0,0.0,0.0,0.0,101457.45,0.0,21291.97,4584849.14,3278262.44
15,9,4,1202942.09,68886.09,13777.22,6888.61,7388.49,12608.34,2101.39,20709.87,33010.649999999994,4166.67,256848.52,256848.52,2824.15,362707.36,487191.55,386352.63,1,0.0,0.0,0.0,0.0,99339.96,0.0,129504.11,4596311.26,3377280.34
15,10,4,1202942.09,71182.29,14236.46,7118.23,7388.49,12639.86,2106.64,20645.01,34810.84,4166.67,256679.99,256848.52,0.0,369825.59,487191.55,496906.86,0,0.0,0.0,0.0,0.0,0.0,0.0,240058.34,4607802.04,3373868.68
15,11,4,1202942.09,68886.09,13777.22,6888.61,7388.49,12671.46,2111.91,20645.01,32937.009999999995,4166.67,256901.21,256901.21,52.69,376714.2,487191.55,506476.92,0,0.0,0.0,0.0,0.0,0.0,0.0,249575.71,4619321.55,3370439.69
15,12,4,1202942.09,71182.29,14236.46,7118.23,7388.49,12703.13,2117.19,20645.01,34737.02,4166.67,257122.91,257122.91,221.7,383832.43,487191.55,517617.37,0,0.0,0.0,0.0,0.0,0.0,0.0,260494.46,4630869.85,3366993.28
16,1,4,1251059.77,74029.58,14805.92,7402.96,7684.03,12734.89,2122.48,20645.01,36682.26,4166.67,259118.45,259118.45,1995.54,391235.39,506679.21,530418.33,0,0.0,0.0,0.0,0.0,0.0,0.0,271299.88,4642447.03,3363529.35
16,2,4,1251059.77,66865.43,13373.09,6686.54,7684.03,12766.73,2127.79,20645.01,30913.79,4166.67,259341.35,259341.35,222.9,397921.93,506679.21,538167.24,0,0.0,0.0,0.0,0.0,0.0,0.0,278825.89,4654053.14,3360047.83
16,3,4,1251059.77,74029.58,14805.92,7402.96,7684.03,12798.65,2133.11,20645.01,36607.87,4166.67,259564.79,259564.79,223.44,405324.89,506679.21,550893.81,0,0.0,0.0,0.0,0.0,0.0,0.0,291329.02,4665688.28,3356548.61
16,4,4,1251059.77,71641.53,14328.31,7164.15,7684.03,12830.64,2138.44,20645.01,34660.11,4166.67,259788.71,259788.71,223.92,412489.04,506679.21,561911.43,0,0.0,0.0,0.0,0.0,0.0,0.0,302122.72,4677352.5,3353031.61
16,5,4,1251059.77,74029.58,14805.92,7402.96,7684.03,12862.72,2143.79,20645.01,36533.12,4166.67,260013.29,260013.29,224.58,419892.0,506679.21,574563.25,0,0.0,0.0,0.0,0.0,0.0,0.0,314549.96,4689045.88,3349496.74
16,6,4,1251059.77,71641.53,14328.31,7164.15,7684.03,12894.88,2149.15,20645.01,34585.16,4166.67,260238.41,260238.41,225.12,427056.15,506679.21,585505.92,0,0.0,0.0,0.0,0.0,0.0,0.0,325267.51,4700768.49,3345943.91
16,7,4,1251059.77,74029.58,14805.92,7402.96,7684.03,12927.11,2154.52,20645.01,36458.00000000001,4166.67,260464.01,260464.01,225.6,434459.11,506679.21,598082.62,0,0.0,0.0,0.0,0.0,0.0,0.0,337618.61,4712520.41,3342373.03
16,8,4,1251059.77,74029.58,14805.92,7402.96,7684.03,12959.43,2159.91,20645.01,36420.29000000001,4166.67,260690.27,260690.27,226.26,441862.07,506679.21,610621.61,0,0.0,0.0,0.0,0.0,0.0,0.0,349931.34,4724301.72,3338784.0
16,9,5,1251059.77,71641.53,14328.31,7164.15,7684.03,12991.83,2165.3,20645.01,34472.06,4166.67,260917.01,260917.01,226.74,449026.22,506679.21,621451.18,0,350296.7356,312764.9425,37531.7931,350296.7356,0.0,0.0,10237.43,5990299.89,4272679.4
16,10,5,1251059.77,92536.98,18507.4,9253.7,9605.03,16473.32,2745.55,26793.27,45205.679999999986,4166.67,333703.03,284479.82,23562.81,458279.92,537955.7,284479.82,1,0.0,0.0,0.0,0.0,0.0,0.0,0.0,6005275.64,4268257.11
16,11,5,1251059.77,89551.92,17910.38,8955.19,9605.03,16514.51,2752.42,26793.27,42769.58,4166.67,333991.39,295667.61,11187.79,467235.11,537955.7,295667.61,1,0.0,0.0,0.0,0.0,0.0,0.0,0.0,6020288.83,4263811.87
16,12,5,1251059.77,92536.98,18507.4,9253.7,9605.03,16555.79,2759.3,26793.27,45109.459999999985,4166.67,334280.35,308896.77,13229.16,476488.81,537955.7,308896.77,1,0.0,0.0,0.0,0.0,0.0,0.0,0.0,6035339.55,4259343.52
17,1,5,1301102.16,96238.46,19247.69,9623.85,9989.23,16597.18,2766.2,26793.27,47638.16000000001,4166.67,336875.29,324284.48,15387.71,486112.66,559473.93,324284.48,1,0.0,0.0,0.0,0.0,0.0,0.0,0.0,6050427.9,4254851.96
17,2,5,1301102.16,86925.06,17385.01,8692.51,9989.23,16638.68,2773.11,26793.27,40139.030000000006,4166.67,337165.75,333104.4,8819.92,494805.17,559473.93,333104.4,1,0.0,0.0,0.0,0.0,0.0,0.0,0.0,6065553.97,4250337.08
17,3,5,1301102.16,96238.46,19247.69,9623.85,9989.23,16680.27,2780.05,26793.27,47541.22,4166.67,337456.93,337456.93,4352.53,504429.02,559473.93,348395.17,1,0.0,0.0,0.0,0.0,0.0,0.0,10938.24,6080717.85,4245798.73
17,4,5,1301102.16,93133.99,18626.8,9313.4,9989.23,16721.97,2787.0,26793.27,45008.990000000005,4166.67,337748.83,337748.83,291.9,513742.42,559473.93,361464.16,1,0.0,0.0,0.0,0.0,0.0,0.0,23715.33,6095919.65,4241236.8
17,5,5,1301102.16,96238.46,19247.69,9623.85,9989.23,16763.78,2793.96,26793.27,47443.80000000001,4166.67,338041.45,338041.45,292.62,523366.27,559473.93,376657.51,1,0.0,0.0,0.0,0.0,0.0,0.0,38616.06,6111159.45,4236651.16
17,6,5,1301102.16,93133.99,18626.8,9313.4,9989.23,16805.69,2800.95,26793.27,44911.32000000001,4166.67,338334.85,338334.85,293.4,532679.67,559473.93,389628.83,1,0.0,0.0,0.0,0.0,0.0,0.0,51293.98,6126437.35,4232041.7
17,7,5,1301102.16,96238.46,19247.69,9623.85,9989.23,16847.7,2807.95,26793.27,47345.890000000014,4166.67,338628.91,338628.91,294.06,542303.52,559473.93,404724.27,1,0.0,0.0,0.0,0.0,0.0,0.0,66095.36,6141753.44,4227408.3
17,8,5,1301102.16,96238.46,19247.69,9623.85,9989.23,16889.82,2814.97,26793.27,47296.75000000001,4166.67,338923.75,338923.75,294.84,551927.37,559473.93,419770.57,1,0.0,0.0,0.0,0.0,0.0,0.0,80846.82,6157107.82,4222750.81
17,9,5,1301102.16,93133.99,18626.8,9313.4,9989.23,16932.05,2822.01,26793.27,44763.9,4166.67,339219.37,339219.37,295.62,561240.77,559473.93,432594.47,1,0.0,0.0,0.0,0.0,0.0,0.0,93375.1,6172500.59,4218069.13
17,10,5,1301102.16,96238.46,19247.69,9623.85,9989.23,16974.38,2829.06,26793.27,47198.100000000006,4166.67,339515.65,339515.65,296.28,570864.62,559473.93,447542.12,1,0.0,0.0,0.0,0.0,0.0,0.0,108026.47,6187931.84,4213363.12
17,11,5,1301102.16,93133.99,18626.8,9313.4,9989.23,17016.81,2836.14,26793.27,44665.01000000001,4166.67,339812.71,339812.71,297.06,580178.02,559473.93,460267.13,1,0.0,0.0,0.0,0.0,103806.88,0.0,120454.42,6203401.67,4315729.94
17,12,5,1301102.16,96238.46,19247.69,9623.85,9989.23,17059.35,2843.23,27237.32,47098.96000000001,4166.67,342774.8,342774.8,2962.09,589801.87,559473.93,578478.46,0,0.0,0.0,0.0,0.0,107446.11,0.0,235703.66,6218910.18,4421755.67
18,1,5,1353146.25,100088.0,20017.6,10008.8,10388.8,17102.0,2850.33,27167.17,49729.26999999999,4166.67,345049.81,345049.81,2275.01,599810.67,581852.89,702644.53,0,0.0,0.0,0.0,0.0,0.0,0.0,357594.72,6234457.45,4416988.3
18,2,5,1353146.25,90402.06,18080.41,9040.21,10388.8,17144.76,2857.46,27167.17,41930.63,4166.67,345349.15,345349.15,299.34,608850.88,581852.89,712534.44,0,0.0,0.0,0.0,0.0,0.0,0.0,367185.29,6250043.6,4412196.87
18,3,6,1353146.25,100088.0,20017.6,10008.8,10388.8,17187.62,2864.6,27167.17,49629.38,4166.67,345649.15,345649.15,300.0,618859.68,581852.89,729154.51,0,378880.95,338286.5625,40594.3875,378880.95,0.0,0.0,4624.41,7622197.82,5421384.16
18,4,6,1353146.25,116231.22,23246.24,11623.12,12466.56,20961.04,3493.51,33817.13,56063.869999999995,4166.67,424429.46,365063.84,19414.69,630482.8,615681.54,365063.84,1,0.0,0.0,0.0,0.0,0.0,0.0,0.0,7641253.32,5415682.58
18,5,6,1353146.25,120105.6,24021.12,12010.56,12466.56,21013.45,3502.24,33817.13,59102.23000000002,4166.67,424796.3,382505.04,17441.2,642493.36,615681.54,382505.04,1,0.0,0.0,0.0,0.0,0.0,0.0,0.0,7660356.45,5409951.67
18,6,6,1353146.25,116231.22,23246.24,11623.12,12466.56,21065.98,3511.0,33817.13,55941.44,4166.67,425164.04,397172.89,14667.85,654116.48,615681.54,397172.89,1,0.0,0.0,0.0,0.0,0.0,0.0,0.0,7679507.34,5404191.28
18,7,6,1353146.25,120105.6,24021.12,12010.56,12466.56,21118.65,3519.77,33817.13,58979.500000000015,4166.67,425532.68,414491.36,17318.47,666127.04,615681.54,414491.36,1,0.0,0.0,0.0,0.0,0.0,0.0,0.0,7698706.11,5398401.25
18,8,6,1353146.25,120105.6,24021.12,12010.56,12466.56,21171.44,3528.57,33817.13,58917.91000000001,4166.67,425902.22,425902.22,11410.86,678137.6,615681.54,431748.24,1,0.0,0.0,0.0,0.0,110999.69,0.0,5846.02,7717952.87,5507099.52
18,9,6,1353146.25,116231.22,23246.24,11623.12,12466.56,21224.37,3537.4,34291.95,55756.65,4166.67,429121.7,429121.7,3219.48,689760.72,615681.54,556756.17,1,0.0,0.0,0.0,0.0,114125.82,0.0,127634.47,7737247.76,5619078.91
18,10,6,1353146.25,120105.6,24021.12,12010.56,12466.56,21277.43,3546.24,34780.15,58794.250000000015,4166.67,432422.26,432422.26,3300.56,701771.28,615681.54,687052.2,0,0.0,0.0,0.0,0.0,0.0,0.0,254629.94,7756590.88,5613373.57
18,11,6,1353146.25,116231.22,23246.24,11623.12,12466.56,21330.62,3555.1,34780.15,55632.700000000004,4166.67,432794.56,432794.56,372.3,713394.4,615681.54,700448.3,0,0.0,0.0,0.0,0.0,0.0,0.0,267653.74,7775982.35,5607638.84
18,12,6,1353146.25,120105.6,24021.12,12010.56,12466.56,21383.95,3563.99,34780.15,58669.98000000002,4166.67,433167.88,433167.88,373.32,725404.96,615681.54,716494.24,0,0.0,0.0,0.0,0.0,0.0,0.0,283326.36,7795422.31,5601874.57
19,1,6,1407272.1,124909.82,24981.96,12490.98,12965.23,21437.41,3572.9,34780.15,61952.320000000014,4166.67,436534.12,436534.12,3366.24,737895.94,640308.81,735342.1,0,0.0,0.0,0.0,0.0,0.0,0.0,298807.98,7814910.86,5596080.58
19,2,6,1407272.1,112821.77,22564.35,11282.18,12965.23,21491.0,3581.83,34780.15,52219.360000000015,4166.67,436909.24,436909.24,375.12,749178.12,640308.81,745665.8,0,0.0,0.0,0.0,0.0,0.0,0.0,308756.56,7834448.14,5590256.73
19,3,6,1407272.1,124909.82,24981.96,12490.98,12965.23,21544.73,3590.79,34780.15,61827.11000000002,4166.67,437285.38,437285.38,376.14,761669.1,640308.81,764388.45,0,0.0,0.0,0.0,0.0,0.0,0.0,327103.07,7854034.26,5584402.87
19,4,6,1407272.1,120880.47,24176.09,12088.05,12965.23,21598.59,3599.77,34780.15,58540.790000000015,4166.67,437662.42,437662.42,377.04,773757.15,640308.81,780227.71,0,0.0,0.0,0.0,0.0,0.0,0.0,342565.29,7873669.35,5578518.83
19,5,6,1407272.1,124909.82,24981.96,12490.98,12965.23,21652.59,3608.77,34780.15,61701.270000000026,4166.67,438040.42,438040.42,378.0,786248.13,640308.81,798824.52,0,0.0,0.0,0.0,0.0,0.0,0.0,360784.1,7893353.52,5572604.48
19,6,6,1407272.1,120880.47,24176.09,12088.05,12965.23,21706.72,3617.79,34780.15,58414.64000000001,4166.67,438419.32,438419.32,378.9,798336.18,640308.81,814537.63,0,0.0,0.0,0.0,0.0,0.0,0.0,376118.31,7913086.9,5566659.65
19,7,7,1407272.1,124909.82,24981.96,12490.98,12965.23,21760.99,3626.83,34780.15,61574.81000000001,4166.67,438799.18,438799.18,379.86,810827.16,640308.81,833007.98,0,394036.1880000001,351818.025,42218.163,394036.1880000001,0.0,0.0,172.61,9343659.9,6615247.17
19,8,7,1407272.1,145728.12,29145.62,14572.81,15126.1,25695.06,4282.51,41696.11,71478.83,4166.67,520798.66,458348.37,19549.19,825399.97,0.0,0.0,0,0.0,0.0,0.0,0.0,0.0,0.0,0.0,9367019.05,6608344.74
19,9,7,1407272.1,141027.22,28205.44,14102.72,15126.1,25759.3,4293.22,41696.11,67643.15999999999,4166.67,521248.36,474359.37,16011.0,839502.69,0.0,0.0,0,0.0,0.0,0.0,0.0,116213.73,0.0,0.0,9390436.6,6721139.9
19,10,7,1407272.1,145728.12,29145.62,14572.81,15126.1,25823.7,4303.95,41620.23,71328.75,4166.67,521243.89,521243.89,46884.52,854075.5,0.0,0.0,0,0.0,0.0,0.0,0.0,0.0,88631.59,0.0,9413912.69,6625459.69
19,11,7,1407272.1,141027.22,28205.44,14102.72,15126.1,25888.26,4314.71,41620.23,67492.70999999999,4166.67,521695.81,521695.81,451.92,868178.22,0.0,0.0,0,0.0,0.0,0.0,0.0,0.0,15484.51,0.0,9437447.47,6602456.6
19,12,7,1407272.1,145728.12,29145.62,14572.81,15126.1,25952.98,4325.5,41620.23,71177.92,4166.67,522148.87,522148.87,453.06,882751.03,0.0,0.0,0,0.0,0.0,0.0,0.0,0.0,18698.49,0.0,9461041.09,6576125.4
20,1,7,1463562.98,151557.25,30311.45,15155.73,15731.14,26017.86,4336.31,41620.23,75160.49,4166.67,526233.25,526233.25,4084.38,897906.76,0.0,0.0,0,0.0,0.0,0.0,0.0,0.0,18466.82,0.0,9484693.69,6549895.41
20,2,7,1463562.98,136890.42,27378.08,13689.04,15731.14,26082.91,4347.15,41620.23,63351.14000000001,4166.67,526688.59,526688.59,455.34,911595.8,0.0,0.0,0,0.0,0.0,0.0,0.0,0.0,11753.2,0.0,9508405.43,6530249.09
20,3,7,1463562.98,151557.25,30311.45,15155.73,15731.14,26148.11,4358.02,41620.23,75008.53,4166.67,527145.01,527145.01,456.42,926751.53,0.0,0.0,0,0.0,0.0,0.0,0.0,0.0,21942.82,0.0,9532176.44,6500315.42
20,4,7,1463562.98,146668.31,29333.66,14666.83,15731.14,26213.49,4368.91,41620.23,71021.10999999999,4166.67,527602.63,527602.63,457.62,941418.36,0.0,0.0,0,0.0,0.0,0.0,0.0,0.0,18443.1,0.0,9556006.88,6473733.37
20,5,7,1463562.98,151557.25,30311.45,15155.73,15731.14,26279.02,4379.84,41620.23,74855.8,4166.67,528061.39,528061.39,458.76,956574.09,0.0,0.0,0,0.0,0.0,0.0,0.0,0.0,21787.75,0.0,9579896.9,6443674.95
20,6,7,1463562.98,146668.31,29333.66,14666.83,15731.14,26344.72,4390.79,41620.23,70868.0,4166.67,528521.29,528521.29,459.9,971240.92,0.0,0.0,0,0.0,0.0,0.0,0.0,0.0,18287.71,0.0,9603846.64,6416967.84
20,7,7,1463562.98,151557.25,30311.45,15155.73,15731.14,26410.58,4401.76,41620.23,74702.32,4166.67,528982.27,528982.27,460.98,986396.65,0.0,0.0,0,0.0,0.0,0.0,0.0,0.0,21632.05,0.0,9627856.26,6386784.05
20,8,7,1463562.98,151557.25,30311.45,15155.73,15731.14,26476.6,4412.77,41620.23,74625.29,4166.67,529444.45,529444.45,462.18,1001552.38,0.0,0.0,0,0.0,0.0,0.0,0.0,0.0,21553.82,0.0,9651925.9,6356529.14
20,9,7,1463562.98,146668.31,29333.66,14666.83,15731.14,26542.8,4423.8,41620.23,70636.90999999999,4166.67,529907.83,529907.83,463.38,1016219.21,0.0,0.0,0,0.0,0.0,0.0,0.0,0.0,18053.14,0.0,9676055.71,6329625.17
20,10,7,1463562.98,151557.25,30311.45,15155.73,15731.14,26609.15,4434.86,41620.23,74470.65000000001,4166.67,530372.29,530372.29,464.46,1031374.94,0.0,0.0,0,0.0,0.0,0.0,0.0,0.0,21396.9,0.0,9700245.85,6299244.12
20,11,7,1463562.98,146668.31,29333.66,14666.83,15731.14,26675.68,4445.95,41620.23,70481.87999999999,4166.67,530838.01,530838.01,465.72,1046041.77,0.0,0.0,0,0.0,0.0,0.0,0.0,431148.36,17895.77,0.0,9724496.47,6718386.97
20,12,7,1463562.98,151557.25,30311.45,15155.73,15731.14,26742.37,4457.06,42106.05,74315.23000000001,4166.67,534219.7,534219.7,3381.69,1061197.5,0.0,0.0,0,0.0,0.0,0.0,0.0,140797.41,448986.79,0.0,9748807.71,6407164.85
21,1,7,1522105.5,157619.54,31523.91,15761.95,16360.39,26809.22,4468.2,42634.08,78457.82,4166.67,541631.32,541631.32,7411.62,1076959.45,0.0,0.0,0,0.0,0.0,0.0,0.0,0.0,157614.25,0.0,9773179.73,6239562.53
21,2,7,1522105.5,142366.04,28473.21,14236.6,16360.39,26876.24,4479.37,42634.08,66176.83000000002,4166.67,542100.46,542100.46,469.14,1091196.05,0.0,0.0,0,0.0,0.0,0.0,0.0,0.0,13003.68,0.0,9797612.68,6215618.45
21,3,7,1522105.5,157619.54,31523.91,15761.95,16360.39,26943.43,4490.57,42634.08,78301.23999999999,4166.67,542570.8,542570.8,470.34,1106958.0,0.0,0.0,0,0.0,0.0,0.0,0.0,732572.39,23601.54,0.0,9822106.71,6939664.54
21,4,7,1522105.5,152535.04,30507.01,15253.5,16360.39,27010.79,4501.8,42552.01,74155.05,4166.67,542549.94,542570.8,0.0,1122211.5,0.0,0.0,0,0.0,0.0,0.0,0.0,0.0,753088.6,0.0,9846661.98,6178840.82
21,5,7,1522105.5,157619.54,31523.91,15761.95,16360.39,27078.32,4513.05,42552.01,78143.87000000001,4166.67,543022.62,543022.62,451.82,1137973.45,0.0,0.0,0,0.0,0.0,0.0,0.0,0.0,23544.76,0.0,9871278.63,6143835.26
21,6,7,1522105.5,152535.04,30507.01,15253.5,16360.39,27146.02,4524.34,42552.01,73997.28000000001,4166.67,543496.56,543496.56,473.94,1153226.95,0.0,0.0,0,0.0,0.0,0.0,0.0,0.0,19884.5,0.0,9895956.83,6112317.74
21,7,7,1522105.5,157619.54,31523.91,15761.95,16360.39,27213.88,4535.65,42552.01,77985.71,4166.67,543971.58,543971.58,475.02,1168988.9,0.0,0.0,0,0.0,0.0,0.0,0.0,0.0,23363.4,0.0,9920696.72,6077166.22
21,8,7,1522105.5,157619.54,31523.91,15761.95,16360.39,27281.92,4546.99,42552.01,77906.33,4166.67,544447.86,544447.86,476.28,1184750.85,0.0,0.0,0,0.0,0.0,0.0,0.0,951169.7,23282.76,0.0,9945498.46,7026791.03
21,9,7,1522105.5,152535.04,30507.01,15253.5,16360.39,27350.12,4558.35,43071.49,73759.17000000001,4166.67,548042.08,548042.08,3594.22,1200004.35,0.0,0.0,0,0.0,0.0,0.0,0.0,147443.82,967176.33,0.0,9970362.21,6203996.55
21,10,7,1522105.5,157619.54,31523.91,15761.95,16360.39,27418.5,4569.75,43605.6,77746.99,4166.67,551725.41,551725.41,3683.33,1215766.3,0.0,0.0,0,0.0,0.0,0.0,0.0,0.0,55785.33,110521.27,9995288.11,6135030.02
21,11,7,1522105.5,152535.04,30507.01,15253.5,16360.39,27487.04,4581.17,43605.6,73599.43000000001,4166.67,552205.17,552205.17,479.76,1231019.8,0.0,0.0,0,0.0,0.0,0.0,0.0,0.0,0.0,128948.51,10020276.33,6128376.48
21,12,7,1522105.5,157619.54,31523.91,15761.95,16360.39,27555.76,4592.63,43605.6,77586.85,4166.67,552686.25,552686.25,481.08,1246781.75,0.0,0.0,0,0.0,0.0,0.0,0.0,0.0,0.0,150853.4,10045327.03,6121690.34
22,1,7,1582989.72,163924.32,32784.86,16392.43,17014.8,27624.65,4604.11,43605.6,81895.90000000001,4166.67,557094.93,557094.93,4408.68,1263174.18,0.0,0.0,0,0.0,0.0,0.0,0.0,0.0,0.0,172509.26,10070440.34,6114971.47
22,2,7,1582989.72,148060.68,29612.14,14806.07,17014.8,27693.71,4615.62,43605.6,69124.41,4166.67,557578.35,557578.35,483.42,1277980.25,0.0,0.0,0,0.0,0.0,0.0,0.0,0.0,0.0,186905.25,10095616.44,6108219.72
22,3,7,1582989.72,163924.32,32784.86,16392.43,17014.8,27762.95,4627.16,43605.6,81734.55000000002,4166.67,558063.03,558063.03,484.68,1294372.68,0.0,0.0,0,0.0,0.0,0.0,0.0,0.0,0.0,212323.76,10120855.48,6101434.92
22,4,7,1582989.72,158636.44,31727.29,15863.64,17014.8,27832.35,4638.73,43605.6,77423.27,4166.67,558548.85,558548.85,485.82,1310236.32,0.0,0.0,0,0.0,0.0,0.0,0.0,0.0,0.0,233958.64,10146157.62,6094616.89
22,5,7,1582989.72,163924.32,32784.86,16392.43,17014.8,27901.93,4650.32,43605.6,81572.41,4166.67,559035.87,559035.87,487.02,1326628.75,0.0,0.0,0,0.0,0.0,0.0,0.0,0.0,0.0,259212.67,10171523.02,6087765.48
22,6,7,1582989.72,158636.44,31727.29,15863.64,17014.8,27971.69,4661.95,43605.6,77260.70999999999,4166.67,559524.21,559524.21,488.34,1342492.39,0.0,0.0,0,0.0,0.0,0.0,0.0,0.0,0.0,280682.47,10196951.82,6080880.53
22,7,7,1582989.72,163924.32,32784.86,16392.43,17014.8,28041.62,4673.6,43605.6,81409.44000000002,4166.67,560013.69,560013.69,489.48,1358884.82,0.0,0.0,0,0.0,0.0,0.0,0.0,1120079.38,305771.07,0.0,10222444.2,6921734.53
22,8,7,1582989.72,163924.32,32784.86,16392.43,17014.8,28111.72,4685.29,43520.25,81327.65000000002,4166.67,559992.34,560013.69,0.0,1375277.25,0.0,0.0,0,0.0,0.0,0.0,0.0,0.0,678182.15,467478.87,10248000.31,6233919.8
22,9,7,1582989.72,158636.44,31727.29,15863.64,17014.8,28182.0,4697.0,43520.25,77015.34999999999,4166.67,560484.28,560484.28,470.59,1391140.89,0.0,0.0,0,0.0,0.0,0.0,0.0,1089397.84,488806.41,0.0,10273620.32,6860131.28
22,10,7,1582989.72,163924.32,32784.86,16392.43,17014.8,28252.46,4708.74,44091.36,81163.46,4166.67,564404.18,564404.18,3919.9,1407533.32,0.0,0.0,0,0.0,0.0,0.0,0.0,0.0,439406.55,670917.72,10299304.37,6410219.42
22,11,7,1582989.72,158636.44,31727.29,15863.64,17014.8,28323.09,4720.51,44091.36,76850.75,4166.67,564898.58,564898.58,494.4,1423396.96,0.0,0.0,0,0.0,0.0,0.0,0.0,0.0,0.0,691485.73,10325052.63,6403162.67
22,12,7,1582989.72,163924.32,32784.86,16392.43,17014.8,28393.89,4732.32,44091.36,80998.45000000001,4166.67,565394.24,565394.24,495.66,1439789.39,0.0,0.0,0,0.0,0.0,0.0,0.0,0.0,0.0,715671.39,10350865.26,6396071.37
23,1,7,1646309.31,170481.29,34096.26,17048.13,17695.39,28464.88,4744.15,44091.36,85480.61,4166.67,569974.7,569974.7,4580.46,1456837.52,0.0,0.0,0,0.0,0.0,0.0,0.0,0.0,0.0,739598.71,10376742.42,6388945.34
23,2,7,1646309.31,153983.1,30796.62,15398.31,17695.39,28536.04,4756.01,44091.36,72199.04000000002,4166.67,570472.82,570472.82,498.12,1472235.83,0.0,0.0,0,0.0,0.0,0.0,0.0,0.0,0.0,755976.62,10402684.28,6381784.44
23,3,7,1646309.31,170481.29,34096.26,17048.13,17695.39,28607.38,4767.9,44091.36,85314.36,4166.67,570972.2,570972.2,499.38,1489283.96,0.0,0.0,0,0.0,0.0,0.0,0.0,0.0,0.0,783818.77,10428690.99,6374588.47
23,4,7,1646309.31,164981.9,32996.38,16498.19,17695.39,28678.9,4779.82,44091.36,80831.40999999997,4166.67,571472.84,571472.84,500.64,1505782.15,0.0,0.0,0,0.0,0.0,0.0,0.0,0.0,0.0,807726.65,10454762.72,6367357.26
23,5,7,1646309.31,170481.29,34096.26,17048.13,17695.39,28750.6,4791.77,44091.36,85147.27,4166.67,571974.74,571974.74,501.9,1522830.28,0.0,0.0,0,0.0,0.0,0.0,0.0,0.0,0.0,835399.19,10480899.62,6360090.66
23,6,7,1646309.31,164981.9,32996.38,16498.19,17695.39,28822.47,4803.75,44091.36,80663.90999999999,4166.67,572477.84,572477.84,503.1,1539328.47,0.0,0.0,0,0.0,0.0,0.0,0.0,0.0,0.0,859137.11,10507101.87,6352788.48
23,7,7,1646309.31,170481.29,34096.26,17048.13,17695.39,28894.53,4815.76,44091.36,84979.35,4166.67,572982.26,572982.26,504.42,1556376.6,0.0,0.0,0,0.0,0.0,0.0,0.0,0.0,0.0,886639.21,10533369.63,6345450.56
23,8,7,1646309.31,170481.29,34096.26,17048.13,17695.39,28966.77,4827.79,44091.36,84895.08,4166.67,573487.88,573487.88,505.62,1573424.73,0.0,0.0,0,0.0,0.0,0.0,0.0,0.0,0.0,914055.84,10559703.05,6338076.71
23,9,7,1646309.31,164981.9,32996.38,16498.19,17695.39,29039.18,4839.86,44091.36,80411.08999999998,4166.67,573994.76,573994.76,506.88,1589922.92,0.0,0.0,0,0.0,0.0,0.0,0.0,0.0,0.0,937537.16,10586102.31,6330666.77
23,10,7,1646309.31,170481.29,34096.26,17048.13,17695.39,29111.78,4851.96,44091.36,84725.9,4166.67,574502.96,574502.96,508.2,1606971.05,0.0,0.0,0,0.0,0.0,0.0,0.0,0.0,0.0,964782.03,10612567.56,6323220.54
23,11,7,1646309.31,164981.9,32996.38,16498.19,17695.39,29184.56,4864.09,44091.36,80241.48,4166.67,575012.42,575012.42,509.46,1623469.24,0.0,0.0,0,0.0,0.0,0.0,0.0,1013842.94,988091.16,0.0,10639098.98,6371779.97
23,12,7,1646309.31,170481.29,34096.26,17048.13,17695.39,29257.52,4876.25,44622.87,84555.87,4166.67,578712.18,578712.18,3699.76,1640517.37,0.0,0.0,0,0.0,0.0,0.0,0.0,1093496.48,1037194.72,0.0,10665696.73,6453414.98
24,1,7,1712161.68,177300.54,35460.11,17730.05,18403.21,29330.67,4888.44,45200.56,89218.11,4166.67,586937.29,586937.29,8225.11,1658247.42,0.0,0.0,0,0.0,0.0,0.0,0.0,0.0,24933.38,1090792.16,10692360.97,6414875.88
24,2,7,1712161.68,160142.43,32028.49,16014.24,18403.21,29403.99,4900.67,45200.56,75406.06999999998,4166.67,587450.59,587450.59,513.3,1674261.66,0.0,0.0,0,0.0,0.0,0.0,0.0,0.0,0.0,1108636.8,10719091.87,6407649.39
24,3,7,1712161.68,177300.54,35460.11,17730.05,18403.21,29477.5,4912.92,45200.56,89046.8,4166.67,587965.15,587965.15,514.56,1691991.71,0.0,0.0,0,0.0,0.0,0.0,0.0,1178292.71,985557.74,152847.36,10745889.6,6628326.03
24,4,7,1712161.68,171581.17,34316.23,17158.12,18403.21,29551.2,4925.2,45818.28,84385.33000000002,4166.67,592187.34,592187.34,4222.19,1709149.83,0.0,0.0,0,0.0,0.0,0.0,0.0,0.0,0.0,1352493.48,10772754.33,6621001.75
24,5,7,1712161.68,177300.54,35460.11,17730.05,18403.21,29625.07,4937.51,45818.28,88874.64,4166.67,592704.42,592704.42,517.08,1726879.88,0.0,0.0,0,0.0,0.0,0.0,0.0,0.0,0.0,1381469.38,10799686.21,6613641.61
24,6,7,1712161.68,171581.17,34316.23,17158.12,18403.21,29699.14,4949.86,45818.28,84212.73000000001,4166.67,593222.94,593222.94,518.52,1744038.0,0.0,0.0,0,0.0,0.0,0.0,0.0,0.0,0.0,1406353.86,10826685.43,6606245.43
24,7,7,1712161.68,177300.54,35460.11,17730.05,18403.21,29773.38,4962.23,45818.28,88701.61,4166.67,593742.6,593742.6,519.66,1761768.05,0.0,0.0,0,0.0,0.0,0.0,0.0,0.0,0.0,1435154.15,10853752.14,6598813.04
24,8,7,1712161.68,177300.54,35460.11,17730.05,18403.21,29847.82,4974.64,45818.28,88614.76,4166.67,594263.7,594263.7,521.1,1779498.1,0.0,0.0,0,0.0,0.0,0.0,0.0,1084092.44,1008269.93,455596.22,10880886.52,6699555.95
24,9,7,1712161.68,171581.17,34316.23,17158.12,18403.21,29922.44,4987.07,46386.62,83952.22,4166.67,598196.02,598196.02,3932.32,1796656.22,0.0,0.0,0,0.0,0.0,0.0,0.0,1114624.56,1120826.07,439504.42,10908088.74,6719282.11
24,10,7,1712161.68,177300.54,35460.11,17730.05,18403.21,29997.24,4999.54,46970.96,88440.44,4166.67,602225.69,602225.69,4029.67,1814386.27,0.0,0.0,0,0.0,0.0,0.0,0.0,0.0,0.0,1578005.41,10935358.96,6712038.25
24,11,7,1712161.68,171581.17,34316.23,17158.12,18403.21,30072.24,5012.04,46970.96,83777.45000000001,4166.67,602750.69,602750.69,525.0,1831544.39,0.0,0.0,0,0.0,0.0,0.0,0.0,0.0,0.0,1601295.45,10962697.36,6704758.92
24,12,7,1712161.68,177300.54,35460.11,17730.05,18403.21,30147.42,5024.57,46970.96,88265.23000000001,4166.67,603276.95,603276.95,526.26,1849274.44,0.0,0.0,0,0.0,0.0,0.0,0.0,0.0,0.0,1628500.08,10990104.1,6697443.95
25,1,7,1780648.15,184392.57,36878.51,18439.26,19139.34,30222.79,5037.13,46970.96,93114.79999999999,4166.67,608221.31,608221.31,4944.36,1867713.7,0.0,0.0,0,0.0,0.0,0.0,0.0,0.0,0.0,1655426.97,11017579.36,6690093.18
25,2,7,1780648.15,166548.12,33309.62,16654.81,19139.34,30298.34,5049.72,46970.96,78751.1,4166.67,608750.15,608750.15,528.84,1884368.51,0.0,0.0,0,0.0,0.0,0.0,0.0,0.0,0.0,1674190.13,11045123.31,6682706.41
25,3,7,1780648.15,184392.57,36878.51,18439.26,19139.34,30374.09,5062.35,46970.96,92938.28,4166.67,609280.43,609280.43,530.28,1902807.77,0.0,0.0,0,0.0,0.0,0.0,0.0,0.0,0.0,1705354.58,11072736.12,6675283.48
25,4,7,1780648.15,178444.42,35688.88,17844.44,19139.34,30450.02,5075.0,46970.96,88091.18000000001,4166.67,609811.91,609811.91,531.48,1920652.21,0.0,0.0,0,0.0,0.0,0.0,0.0,0.0,0.0,1732265.55,11100417.96,6667824.2
25,5,7,1780648.15,184392.57,36878.51,18439.26,19139.34,30526.15,5087.69,46970.96,92760.88,4166.67,610344.83,610344.83,532.92,1939091.47,0.0,0.0,0,0.0,0.0,0.0,0.0,0.0,0.0,1763249.96,11128169.01,6660328.4
25,6,7,1780648.15,178444.42,35688.88,17844.44,19139.34,30602.46,5100.41,46970.96,87913.33000000002,4166.67,610879.01,610879.01,534.18,1956935.91,0.0,0.0,0,0.0,0.0,0.0,0.0,0.0,0.0,1789980.38,11155989.43,6652795.91
25,7,7,1780648.15,184392.57,36878.51,18439.26,19139.34,30678.97,5113.16,46970.96,92582.59,4166.67,611414.57,611414.57,535.56,1975375.17,0.0,0.0,0,0.0,0.0,0.0,0.0,1225424.41,1079491.75,741292.11,11183879.4,6827770.93
25,8,7,1780648.15,184392.57,36878.51,18439.26,19139.34,30755.67,5125.94,47613.39,92493.11,4166.67,615806.02,615806.02,4391.45,1993814.43,0.0,0.0,0,0.0,0.0,0.0,0.0,0.0,0.0,1992932.2,11211839.1,6820228.68
25,9,7,1780648.15,178444.42,35688.88,17844.44,19139.34,30832.56,5138.76,47613.39,87644.88000000002,4166.67,616344.28,616344.28,538.26,2011658.87,0.0,0.0,0,0.0,0.0,0.0,0.0,1191857.23,1019323.18,999424.48,11239868.7,7020792.37
25,10,7,1780648.15,184392.57,36878.51,18439.26,19139.34,30909.64,5151.61,48238.22,92313.47,4166.67,620632.84,620632.84,4288.56,2030098.13,0.0,0.0,0,0.0,0.0,0.0,0.0,0.0,0.0,2216795.81,11267968.37,7013109.52
25,11,7,1780648.15,178444.42,35688.88,17844.44,19139.34,30986.91,5164.49,48238.22,87464.8,4166.67,621173.74,621173.74,540.9,2047942.57,0.0,0.0,0,0.0,0.0,0.0,0.0,0.0,0.0,2241803.72,11296138.29,7005389.08
25,12,7,1780648.15,184392.57,36878.51,18439.26,19139.34,31064.38,5177.4,48238.22,92132.94,4166.67,621716.02,621716.02,542.28,2066381.83,0.0,0.0,0,0.0,0.0,0.0,0.0,0.0,0.0,2270883.57,11324378.64,6997630.83
26,1,7,1851874.08,191768.27,38353.65,19176.83,19904.91,31142.04,5190.34,48238.22,97177.32999999999,4166.67,626853.04,626853.04,5137.02,2085558.66,0.0,0.0,0,0.0,0.0,0.0,0.0,0.0,0.0,2299675.5,11352689.58,6989834.58
26,2,7,1851874.08,173210.05,34642.01,17321.01,19904.91,31219.9,5203.32,48238.22,82239.90999999997,4166.67,627398.08,627398.08,545.04,2102879.67,0.0,0.0,0,0.0,0.0,0.0,0.0,0.0,0.0,2319977.81,11381071.31,6982000.17
26,3,7,1851874.08,191768.27,38353.65,19176.83,19904.91,31297.95,5216.32,48238.22,96995.44,4166.67,627944.38,627944.38,546.3,2122056.5,0.0,0.0,0,0.0,0.0,0.0,0.0,0.0,0.0,2353178.57,11409523.98,6974127.4
26,4,7,1851874.08,185582.2,37116.44,18558.22,19904.91,31376.19,5229.37,48238.22,91955.29000000001,4166.67,628492.12,628492.12,547.74,2140614.72,0.0,0.0,0,0.0,0.0,0.0,0.0,0.0,0.0,2381956.35,11438047.79,6966216.1
26,5,7,1851874.08,191768.27,38353.65,19176.83,19904.91,31454.63,5242.44,48238.22,96812.63999999998,4166.67,629041.18,629041.18,549.06,2159791.55,0.0,0.0,0,0.0,0.0,0.0,0.0,0.0,0.0,2414971.55,11466642.91,6958266.06
26,6,7,1851874.08,185582.2,37116.44,18558.22,19904.91,31533.27,5255.54,48238.22,91772.04000000001,4166.67,629591.62,629591.62,550.44,2178349.77,0.0,0.0,0,0.0,0.0,0.0,0.0,0.0,0.0,2443563.38,11495309.52,6950277.11
26,7,7,1851874.08,191768.27,38353.65,19176.83,19904.91,31612.1,5268.68,48238.22,96628.93,4166.67,630143.44,630143.44,551.82,2197526.6,0.0,0.0,0,0.0,0.0,0.0,0.0,0.0,0.0,2476392.11,11524047.8,6942249.03
26,8,7,1851874.08,191768.27,38353.65,19176.83,19904.91,31691.13,5281.86,48238.22,96536.71999999999,4166.67,630696.7,630696.7,553.26,2216703.43,0.0,0.0,0,0.0,0.0,0.0,0.0,0.0,0.0,2509127.19,11552857.91,6934181.66
26,9,7,1851874.08,185582.2,37116.44,18558.22,19904.91,31770.36,5295.06,48238.22,91495.43000000001,4166.67,631251.28,631251.28,554.58,2235261.65,0.0,0.0,0,0.0,0.0,0.0,0.0,0.0,0.0,2537438.27,11581740.06,6926074.78
26,10,7,1851874.08,191768.27,38353.65,19176.83,19904.91,31849.79,5308.3,48238.22,96351.61999999998,4166.67,631807.3,631807.3,556.02,2254438.48,0.0,0.0,0,0.0,0.0,0.0,0.0,0.0,0.0,2569985.49,11610694.41,6917928.22
26,11,7,1851874.08,185582.2,37116.44,18558.22,19904.91,31929.41,5321.57,48238.22,91309.87,4166.67,632364.64,632364.64,557.34,2272996.7,0.0,0.0,0,0.0,0.0,0.0,0.0,1109196.29,1090544.72,1507563.53,11639721.15,6961532.54
26,12,7,1851874.08,191768.27,38353.65,19176.83,19904.91,32009.23,5334.87,48819.71,96165.61,4166.67,636412.34,636412.34,4047.7,2292173.53,0.0,0.0,0,0.0,0.0,0.0,0.0,1205577.91,1169040.45,1476007.4,11668820.45,7026071.54
27,1,7,1925949.04,199439.0,39887.8,19943.9,20701.11,32089.26,5348.21,49451.74,101412.62000000002,4166.67,645541.9,645541.9,9129.56,2312117.43,0.0,0.0,0,0.0,0.0,0.0,0.0,0.0,0.0,2708639.4,11697992.5,7018203.89
27,2,7,1925949.04,180138.45,36027.69,18013.85,20701.11,32169.48,5361.58,49451.74,85878.59000000001,4166.67,646103.44,646103.44,561.54,2330131.28,0.0,0.0,0,0.0,0.0,0.0,0.0,0.0,0.0,2730657.53,11727237.48,7010297.72
27,3,7,1925949.04,199439.0,39887.8,19943.9,20701.11,32249.9,5374.98,49451.74,101225.21000000004,4166.67,646666.36,646666.36,562.92,2350075.18,0.0,0.0,0,0.0,0.0,0.0,0.0,1289112.78,1078250.8,1687840.05,11756555.57,7251729.35
27,4,7,1925949.04,193005.48,38601.1,19300.55,20701.11,32330.53,5388.42,50127.55,95984.32000000002,4166.67,651285.69,651285.69,4619.33,2369375.73,0.0,0.0,0,0.0,0.0,0.0,0.0,0.0,0.0,3003056.38,11785946.96,7243716.21
27,5,7,1925949.04,199439.0,39887.8,19943.9,20701.11,32411.35,5401.89,50127.55,101036.85000000002,4166.67,651851.43,651851.43,565.74,2389319.63,0.0,0.0,0,0.0,0.0,0.0,0.0,0.0,0.0,3037622.7,11815411.83,7235663.84
27,6,7,1925949.04,193005.48,38601.1,19300.55,20701.11,32492.38,5415.4,50127.55,95795.49000000002,4166.67,652418.67,652418.67,567.24,2408620.18,0.0,0.0,0,0.0,0.0,0.0,0.0,0.0,0.0,3067589.51,11844950.36,7227572.03
27,7,7,1925949.04,199439.0,39887.8,19943.9,20701.11,32573.61,5428.94,50127.55,100847.54000000002,4166.67,652987.29,652987.29,568.62,2428564.08,0.0,0.0,0,0.0,0.0,0.0,0.0,0.0,0.0,3101963.64,11874562.74,7219440.62
27,8,7,1925949.04,199439.0,39887.8,19943.9,20701.11,32655.05,5442.51,50127.55,100752.53000000003,4166.67,653557.35,653557.35,570.06,2448507.98,0.0,0.0,0,0.0,0.0,0.0,0.0,1186052.85,1103099.09,2033142.23,11904249.14,7329658.58
27,9,7,1925949.04,193005.48,38601.1,19300.55,20701.11,32736.69,5456.11,50749.34,95510.47000000002,4166.67,657859.51,657859.51,4302.16,2467808.53,0.0,0.0,0,0.0,0.0,0.0,0.0,1219456.56,1226241.35,2018278.81,11934009.77,7351239.99
27,10,7,1925949.04,199439.0,39887.8,19943.9,20701.11,32818.53,5469.75,51388.64,100561.81000000003,4166.67,662268.19,662268.19,4408.68,2487752.43,0.0,0.0,0,0.0,0.0,0.0,0.0,0.0,0.0,3266722.62,11963844.79,7343314.82
27,11,7,1925949.04,193005.48,38601.1,19300.55,20701.11,32900.57,5483.43,51388.64,95319.27000000002,4166.67,662842.51,662842.51,574.32,2507052.98,0.0,0.0,0,0.0,0.0,0.0,0.0,0.0,0.0,3294945.04,11993754.4,7335350.87
27,12,7,1925949.04,199439.0,39887.8,19943.9,20701.11,32982.82,5497.14,51388.64,100370.13000000002,4166.67,663418.27,663418.27,575.76,2526996.88,0.0,0.0,0,0.0,0.0,0.0,0.0,0.0,0.0,3327573.53,12023738.79,7327347.92
28,1,7,2002987.0,207416.56,41483.31,20741.66,21529.15,33065.28,5510.88,51388.64,105827.94,4166.67,668963.71,668963.71,5545.44,2547738.54,0.0,0.0,0,0.0,0.0,0.0,0.0,0.0,0.0,3359892.39,12053798.14,7319305.79
28,2,7,2002987.0,187343.99,37468.8,18734.4,21529.15,33147.94,5524.66,51388.64,89673.44,4166.67,669542.35,669542.35,578.64,2566472.94,0.0,0.0,0,0.0,0.0,0.0,0.0,0.0,0.0,3383030.81,12083932.63,7311224.29
28,3,7,2002987.0,207416.56,41483.31,20741.66,21529.15,33230.81,5538.47,51388.64,105634.82,4166.67,670122.43,670122.43,580.08,2587214.6,0.0,0.0,0,0.0,0.0,0.0,0.0,0.0,0.0,3420121.91,12114142.46,7303103.21
28,4,7,2002987.0,200725.7,40145.14,20072.57,21529.15,33313.89,5552.32,51388.64,100185.20000000001,4166.67,670704.01,670704.01,581.58,2607287.17,0.0,0.0,0,0.0,0.0,0.0,0.0,0.0,0.0,3452430.98,12144427.82,7294942.39
28,5,7,2002987.0,207416.56,41483.31,20741.66,21529.15,33397.18,5566.2,51388.64,105440.72000000002,4166.67,671287.03,671287.03,583.02,2628028.83,0.0,0.0,0,0.0,0.0,0.0,0.0,0.0,0.0,3489325.04,12174788.89,7286741.62
28,6,7,2002987.0,200725.7,40145.14,20072.57,21529.15,33480.67,5580.11,51388.64,99990.63,4166.67,671871.43,671871.43,584.4,2648101.4,0.0,0.0,0,0.0,0.0,0.0,0.0,0.0,0.0,3521436.72,12205225.86,7278500.7
28,7,7,2002987.0,207416.56,41483.31,20741.66,21529.15,33564.37,5594.06,51388.64,105245.67000000001,4166.67,672457.33,672457.33,585.9,2668843.06,0.0,0.0,0,0.0,0.0,0.0,0.0,1340677.3,1181019.43,2377113.42,12235738.92,7469932.38
28,8,7,2002987.0,207416.56,41483.31,20741.66,21529.15,33648.28,5608.05,52091.49,105147.77,4166.67,677261.83,677261.83,4804.5,2689584.72,0.0,0.0,0,0.0,0.0,0.0,0.0,0.0,0.0,3749467.5,12266328.27,7461680.78
28,9,7,2002987.0,200725.7,40145.14,20072.57,21529.15,33732.4,5622.07,52091.49,99696.94,4166.67,677850.67,677850.67,588.84,2709657.29,0.0,0.0,0,0.0,0.0,0.0,0.0,1303953.07,1115191.97,2665386.23,12296994.09,7681107.77
28,10,7,2002987.0,207416.56,41483.31,20741.66,21529.15,33816.73,5636.12,52775.09,104951.25,4166.67,682542.53,682542.53,4691.86,2730398.95,0.0,0.0,0,0.0,0.0,0.0,0.0,0.0,0.0,4000248.61,12327736.58,7672702.35
28,11,7,2002987.0,200725.7,40145.14,20072.57,21529.15,33901.28,5650.21,52775.09,99499.92,4166.67,683134.37,683134.37,591.84,2750471.52,0.0,0.0,0,0.0,0.0,0.0,0.0,0.0,0.0,4030475.7,12358555.92,7664255.77
28,12,7,2002987.0,207416.56,41483.31,20741.66,21529.15,33986.03,5664.34,52775.09,104753.73000000001,4166.67,683727.65,683727.65,593.28,2771213.18,0.0,0.0,0,0.0,0.0,0.0,0.0,0.0,0.0,4065286.07,12389452.31,7655767.84
29,1,7,2083106.48,215713.22,43142.64,21571.32,22390.32,34070.99,5678.5,52775.09,110430.77000000002,4166.67,689489.39,689489.39,5761.74,2792784.5,0.0,0.0,0,0.0,0.0,0.0,0.0,0.0,0.0,4099775.36,12420425.94,7647238.36
29,2,7,2083106.48,194837.75,38967.55,19483.78,22390.32,34156.17,5692.7,52775.09,93631.01000000001,4166.67,690085.67,690085.67,596.28,2812268.28,0.0,0.0,0,0.0,0.0,0.0,0.0,0.0,0.0,4124717.89,12451477.01,7638667.12
29,3,7,2083106.48,215713.22,43142.64,21571.32,22390.32,34241.56,5706.93,52775.09,110231.77000000002,4166.67,690683.39,690683.39,597.72,2833839.6,0.0,0.0,0,0.0,0.0,0.0,0.0,0.0,0.0,4164172.2,12482605.7,7630053.91
29,4,7,2083106.48,208754.73,41750.95,20875.47,22390.32,34327.17,5721.19,52775.09,104565.10000000002,4166.67,691282.61,691282.61,599.22,2854715.07,0.0,0.0,0,0.0,0.0,0.0,0.0,0.0,0.0,4198654.19,12513812.21,7621398.53
29,5,7,2083106.48,215713.22,43142.64,21571.32,22390.32,34412.98,5735.5,52775.09,110031.78,4166.67,691883.33,691883.33,600.72,2876286.39,0.0,0.0,0,0.0,0.0,0.0,0.0,0.0,0.0,4237905.51,12545096.74,7612700.78
29,6,7,2083106.48,208754.73,41750.95,20875.47,22390.32,34499.02,5749.84,52775.09,104364.60000000003,4166.67,692485.61,692485.61,602.28,2897161.86,0.0,0.0,0,0.0,0.0,0.0,0.0,0.0,0.0,4272183.94,12576459.48,7603960.45
29,7,7,2083106.48,215713.22,43142.64,21571.32,22390.32,34585.26,5764.21,52775.09,109830.79,4166.67,693089.27,693089.27,603.66,2918733.18,0.0,0.0,0,0.0,0.0,0.0,0.0,0.0,0.0,4311231.33,12607900.63,7595177.33
29,8,7,2083106.48,215713.22,43142.64,21571.32,22390.32,34671.73,5778.62,52775.09,109729.91,4166.67,693694.55,693694.55,605.28,2940304.5,0.0,0.0,0,0.0,0.0,0.0,0.0,0.0,0.0,4350176.22,12639420.38,7586351.21
29,9,7,2083106.48,208754.73,41750.95,20875.47,22390.32,34758.41,5793.07,52775.09,104061.98000000001,4166.67,694301.33,694301.33,606.78,2961179.97,0.0,0.0,0,0.0,0.0,0.0,0.0,0.0,0.0,4384147.53,12671018.94,7577481.87
29,10,7,2083106.48,215713.22,43142.64,21571.32,22390.32,34845.3,5807.55,52775.09,109527.41,4166.67,694909.55,694909.55,608.22,2982751.29,0.0,0.0,0,0.0,0.0,0.0,0.0,0.0,0.0,4422886.98,12702696.48,7568569.12
29,11,7,2083106.48,208754.73,41750.95,20875.47,22390.32,34932.42,5822.07,52775.09,103858.97000000003,4166.67,695519.39,695519.39,609.84,3003626.76,0.0,0.0,0,0.0,0.0,0.0,0.0,1213517.76,1193111.98,3263540.24,12734453.22,7616274.48
29,12,7,2083106.48,215713.22,43142.64,21571.32,22390.32,35019.75,5836.62,53411.28,109323.89000000001,4166.67,699947.79,699947.79,4428.4,3025198.08,0.0,0.0,0,0.0,0.0,0.0,0.0,1318964.2,1278990.35,3232147.21,12766289.36,7686883.46
30,1,7,2166430.74,224341.75,44868.35,22434.18,23285.93,35107.3,5851.22,54102.74,115228.95,4166.67,710083.15,710083.15,10135.36,3047632.26,0.0,0.0,0,0.0,0.0,0.0,0.0,0.0,0.0,4583834.74,12798205.08,7678275.85
30,2,7,2166430.74,202631.26,40526.25,20263.13,23285.93,35195.06,5865.84,54102.74,97758.18000000002,4166.67,710697.43,710697.43,614.28,3067895.39,0.0,0.0,0,0.0,0.0,0.0,0.0,0.0,0.0,4610779.43,12830200.59,7669626.11
30,3,7,2166430.74,224341.75,44868.35,22434.18,23285.93,35283.05,5880.51,54102.74,115023.91,4166.67,711313.39,711313.39,615.96,3090329.57,0.0,0.0,0,0.0,0.0,0.0,0.0,1410355.65,1179661.8,3473155.32,12862276.09,7933764.73
30,4,7,2166430.74,217104.92,43420.98,21710.49,23285.93,35371.26,5895.21,54842.12,109131.54,4166.67,716367.13,716367.13,5053.74,3112040.06,0.0,0.0,0,0.0,0.0,0.0,0.0,0.0,0.0,4915202.83,12894431.78,7924997.94
30,5,7,2166430.74,224341.75,44868.35,22434.18,23285.93,35459.69,5909.95,54842.12,114817.83,4166.67,716986.15,716986.15,619.02,3134474.24,0.0,0.0,0,0.0,0.0,0.0,0.0,0.0,0.0,4956292.01,12926667.86,7916188.23
30,6,7,2166430.74,217104.92,43420.98,21710.49,23285.93,35548.34,5924.72,54842.12,108924.95000000001,4166.67,717606.67,717606.67,620.52,3156184.73,0.0,0.0,0,0.0,0.0,0.0,0.0,0.0,0.0,4992210.5,12958984.53,7907335.38
30,7,7,2166430.74,224341.75,44868.35,22434.18,23285.93,35637.21,5939.53,54842.12,114610.73000000001,4166.67,718228.75,718228.75,622.08,3178618.91,0.0,0.0,0,0.0,0.0,0.0,0.0,0.0,0.0,5033089.52,12991382.0,7898439.18
30,8,7,2166430.74,224341.75,44868.35,22434.18,23285.93,35726.3,5954.38,54842.12,114506.79,4166.67,718852.39,718852.39,623.64,3201053.09,0.0,0.0,0,0.0,0.0,0.0,0.0,1297602.79,1206847.11,3867015.93,13023860.45,8019023.27
30,9,7,2166430.74,217104.92,43420.98,21710.49,23285.93,35815.62,5969.27,55522.39,108613.12000000001,4166.67,723559.25,723559.25,4706.86,3222763.58,0.0,0.0,0,0.0,0.0,0.0,0.0,1334148.16,1341571.07,3853887.7,13056420.1,8042634.43
30,10,7,2166430.74,224341.75,44868.35,22434.18,23285.93,35905.16,5984.19,56221.82,114298.12,4166.67,728382.58,728382.58,4823.33,3245197.76,0.0,0.0,0,0.0,0.0,0.0,0.0,0.0,0.0,5223021.32,13089061.15,8033963.89
30,11,7,2166430.74,217104.92,43420.98,21710.49,23285.93,35994.92,5999.15,56221.82,108403.94000000002,4166.67,729010.9,729010.9,628.32,3266908.25,0.0,0.0,0,0.0,0.0,0.0,0.0,0.0,0.0,5257031.3,13121783.8,8025250.9
30,12,7,2166430.74,224341.75,44868.35,22434.18,23285.93,36084.91,6014.15,56221.82,114088.41,4166.67,729640.84,729640.84,629.94,3289342.43,0.0,0.0,0,0.0,0.0,0.0,0.0,0.0,0.0,5296000.44,13154588.26,8016495.26
