Year,Month,Units,HOA_Annual,PriceParity,GrossIncome,Mgmt,CapexOps,HOA_Monthly_Total,Insurance,Tax,DebtService_Total,Debt_Principal,Debt_Interest,NOI,SavingsToCash,SavingsToHY,HY_Savings,RainyTarget,RainyBalance,RainyTopup,CapexTarget,CapexBalance,CapexTopup,LiquidityRequired,LiquidityActual,LiquidityRatio,FreezeFlag,AccessiblePrincipal,Deployable,Purchase,Purchase_DP,Purchase_Closing,Purchase_Rainy,Purchase_Total,FeederDraw_Net,FeederPrepay,EndCash,TotalValue,TotalDebt
1,1,0,9017.04,630139.23,0.0,0.0,0.0,0.0,0.0,0.0,0.0,0.0,0.0,0.0,4166.67,0.0,0.0,0.0,0.0,0.0,0.0,0.0,0.0,0.0,0.0,1.0,0,0.0,9166.67,0,126027.85,18904.18,0.0,0.0,0.0,0.0,9166.67,0.0,0.0
1,2,0,9017.04,630139.23,0.0,0.0,0.0,0.0,0.0,0.0,0.0,0.0,0.0,0.0,4166.67,0.0,0.0,0.0,0.0,0.0,0.0,0.0,0.0,0.0,0.0,1.0,0,0.0,13333.33,0,126027.85,18904.18,0.0,0.0,0.0,0.0,13333.33,0.0,0.0
1,3,0,9017.04,630139.23,0.0,0.0,0.0,0.0,0.0,0.0,0.0,0.0,0.0,0.0,4166.67,0.0,0.0,0.0,0.0,0.0,0.0,0.0,0.0,0.0,0.0,1.0,0,0.0,17500.0,0,126027.85,18904.18,0.0,0.0,0.0,0.0,17500.0,0.0,0.0
1,4,0,9017.04,630139.23,0.0,0.0,0.0,0.0,0.0,0.0,0.0,0.0,0.0,0.0,4166.67,0.0,0.0,0.0,0.0,0.0,0.0,0.0,0.0,0.0,0.0,1.0,0,0.0,21666.67,0,126027.85,18904.18,0.0,0.0,0.0,0.0,21666.67,0.0,0.0
1,5,0,9017.04,630139.23,0.0,0.0,0.0,0.0,0.0,0.0,0.0,0.0,0.0,0.0,4166.67,0.0,0.0,0.0,0.0,0.0,0.0,0.0,0.0,0.0,0.0,1.0,0,0.0,25833.33,0,126027.85,18904.18,0.0,0.0,0.0,0.0,25833.33,0.0,0.0
1,6,0,9017.04,630139.23,0.0,0.0,0.0,0.0,0.0,0.0,0.0,0.0,0.0,0.0,4166.67,0.0,0.0,0.0,0.0,0.0,0.0,0.0,0.0,0.0,0.0,1.0,0,0.0,30000.0,0,126027.85,18904.18,0.0,0.0,0.0,0.0,30000.0,0.0,0.0
1,7,0,9017.04,630139.23,0.0,0.0,0.0,0.0,0.0,0.0,0.0,0.0,0.0,0.0,4166.67,0.0,0.0,0.0,0.0,0.0,0.0,0.0,0.0,0.0,0.0,1.0,0,0.0,34166.67,0,126027.85,18904.18,0.0,0.0,0.0,0.0,34166.67,0.0,0.0
1,8,0,9017.04,630139.23,0.0,0.0,0.0,0.0,0.0,0.0,0.0,0.0,0.0,0.0,4166.67,0.0,0.0,0.0,0.0,0.0,0.0,0.0,0.0,0.0,0.0,1.0,0,0.0,38333.33,0,126027.85,18904.18,0.0,0.0,0.0,0.0,38333.33,0.0,0.0
1,9,0,9017.04,630139.23,0.0,0.0,0.0,0.0,0.0,0.0,0.0,0.0,0.0,0.0,4166.67,0.0,0.0,0.0,0.0,0.0,0.0,0.0,0.0,0.0,0.0,1.0,0,0.0,42500.0,0,126027.85,18904.18,0.0,0.0,0.0,0.0,42500.0,0.0,0.0
1,10,0,9017.04,630139.23,0.0,0.0,0.0,0.0,0.0,0.0,0.0,0.0,0.0,0.0,4166.67,0.0,0.0,0.0,0.0,0.0,0.0,0.0,0.0,0.0,0.0,1.0,0,0.0,46666.67,0,126027.85,18904.18,0.0,0.0,0.0,0.0,46666.67,0.0,0.0
1,11,0,9017.04,630139.23,0.0,0.0,0.0,0.0,0.0,0.0,0.0,0.0,0.0,0.0,4166.67,0.0,0.0,0.0,0.0,0.0,0.0,0.0,0.0,0.0,0.0,1.0,0,0.0,50833.33,0,126027.85,18904.18,0.0,0.0,0.0,0.0,50833.33,0.0,0.0
1,12,0,9017.04,630139.23,0.0,0.0,0.0,0.0,0.0,0.0,0.0,0.0,0.0,0.0,4166.67,0.0,0.0,0.0,0.0,0.0,0.0,0.0,0.0,0.0,0.0,1.0,0,0.0,55000.0,0,126027.85,18904.18,0.0,0.0,0.0,0.0,55000.0,0.0,0.0
2,1,0,9287.551200000002,630139.23,0.0,0.0,0.0,0.0,0.0,0.0,0.0,0.0,0.0,0.0,4166.67,0.0,0.0,0.0,0.0,0.0,0.0,0.0,0.0,0.0,0.0,1.0,0,0.0,59166.67,0,126027.85,18904.18,0.0,0.0,0.0,0.0,59166.67,0.0,0.0
2,2,0,9287.551200000002,630139.23,0.0,0.0,0.0,0.0,0.0,0.0,0.0,0.0,0.0,0.0,4166.67,0.0,0.0,0.0,0.0,0.0,0.0,0.0,0.0,0.0,0.0,1.0,0,0.0,63333.33,0,126027.85,18904.18,0.0,0.0,0.0,0.0,63333.33,0.0,0.0
2,3,0,9287.551200000002,630139.23,0.0,0.0,0.0,0.0,0.0,0.0,0.0,0.0,0.0,0.0,4166.67,0.0,0.0,0.0,0.0,0.0,0.0,0.0,0.0,0.0,0.0,1.0,0,0.0,67500.0,0,126027.85,18904.18,0.0,0.0,0.0,0.0,67500.0,0.0,0.0
2,4,0,9287.551200000002,630139.23,0.0,0.0,0.0,0.0,0.0,0.0,0.0,0.0,0.0,0.0,4166.67,0.0,0.0,0.0,0.0,0.0,0.0,0.0,0.0,0.0,0.0,1.0,0,0.0,71666.67,0,126027.85,18904.18,0.0,0.0,0.0,0.0,71666.67,0.0,0.0
2,5,0,9287.551200000002,630139.23,0.0,0.0,0.0,0.0,0.0,0.0,0.0,0.0,0.0,0.0,4166.67,0.0,0.0,0.0,0.0,0.0,0.0,0.0,0.0,0.0,0.0,1.0,0,0.0,75833.33,0,126027.85,18904.18,0.0,0.0,0.0,0.0,75833.33,0.0,0.0
2,6,0,9287.551200000002,630139.23,0.0,0.0,0.0,0.0,0.0,0.0,0.0,0.0,0.0,0.0,4166.67,0.0,0.0,0.0,0.0,0.0,0.0,0.0,0.0,0.0,0.0,1.0,0,0.0,80000.0,0,126027.85,18904.18,0.0,0.0,0.0,0.0,80000.0,0.0,0.0
2,7,0,9287.551200000002,630139.23,0.0,0.0,0.0,0.0,0.0,0.0,0.0,0.0,0.0,0.0,4166.67,0.0,0.0,0.0,0.0,0.0,0.0,0.0,0.0,0.0,0.0,1.0,0,0.0,84166.67,0,126027.85,18904.18,0.0,0.0,0.0,0.0,84166.67,0.0,0.0
2,8,0,9287.551200000002,630139.23,0.0,0.0,0.0,0.0,0.0,0.0,0.0,0.0,0.0,0.0,4166.67,0.0,0.0,0.0,0.0,0.0,0.0,0.0,0.0,0.0,0.0,1.0,0,0.0,88333.33,0,126027.85,18904.18,0.0,0.0,0.0,0.0,88333.33,0.0,0.0
2,9,0,9287.551200000002,630139.23,0.0,0.0,0.0,0.0,0.0,0.0,0.0,0.0,0.0,0.0,4166.67,0.0,0.0,0.0,0.0,0.0,0.0,0.0,0.0,0.0,0.0,1.0,0,0.0,92500.0,0,126027.85,18904.18,0.0,0.0,0.0,0.0,92500.0,0.0,0.0
2,10,0,9287.551200000002,630139.23,0.0,0.0,0.0,0.0,0.0,0.0,0.0,0.0,0.0,0.0,4166.67,0.0,0.0,0.0,0.0,0.0,0.0,0.0,0.0,0.0,0.0,1.0,0,0.0,96666.67,0,126027.85,18904.18,0.0,0.0,0.0,0.0,96666.67,0.0,0.0
2,11,0,9287.551200000002,630139.23,0.0,0.0,0.0,0.0,0.0,0.0,0.0,0.0,0.0,0.0,4166.67,0.0,0.0,0.0,0.0,0.0,0.0,0.0,0.0,0.0,0.0,1.0,0,0.0,100833.33,0,126027.85,18904.18,0.0,0.0,0.0,0.0,100833.33,0.0,0.0
2,12,0,9287.551200000002,630139.23,0.0,0.0,0.0,0.0,0.0,0.0,0.0,0.0,0.0,0.0,4166.67,0.0,0.0,0.0,0.0,0.0,0.0,0.0,0.0,0.0,0.0,1.0,0,0.0,105000.0,0,126027.85,18904.18,0.0,0.0,0.0,0.0,105000.0,0.0,0.0
3,1,0,9566.177736000001,630139.23,0.0,0.0,0.0,0.0,0.0,0.0,0.0,0.0,0.0,0.0,4166.67,0.0,0.0,0.0,0.0,0.0,0.0,0.0,0.0,0.0,0.0,1.0,0,0.0,109166.67,0,126027.85,18904.18,0.0,0.0,0.0,0.0,109166.67,0.0,0.0
3,2,0,9566.177736000001,630139.23,0.0,0.0,0.0,0.0,0.0,0.0,0.0,0.0,0.0,0.0,4166.67,0.0,0.0,0.0,0.0,0.0,0.0,0.0,0.0,0.0,0.0,1.0,0,0.0,113333.33,0,126027.85,18904.18,0.0,0.0,0.0,0.0,113333.33,0.0,0.0
3,3,0,9566.177736000001,630139.23,0.0,0.0,0.0,0.0,0.0,0.0,0.0,0.0,0.0,0.0,4166.67,0.0,0.0,0.0,0.0,0.0,0.0,0.0,0.0,0.0,0.0,1.0,0,0.0,117500.0,0,126027.85,18904.18,0.0,0.0,0.0,0.0,117500.0,0.0,0.0
3,4,0,9566.177736000001,630139.23,0.0,0.0,0.0,0.0,0.0,0.0,0.0,0.0,0.0,0.0,4166.67,0.0,0.0,0.0,0.0,0.0,0.0,0.0,0.0,0.0,0.0,1.0,0,0.0,121666.67,0,126027.85,18904.18,0.0,0.0,0.0,0.0,121666.67,0.0,0.0
3,5,0,9566.177736000001,630139.23,0.0,0.0,0.0,0.0,0.0,0.0,0.0,0.0,0.0,0.0,4166.67,0.0,0.0,0.0,0.0,0.0,0.0,0.0,0.0,0.0,0.0,1.0,0,0.0,125833.33,0,126027.85,18904.18,0.0,0.0,0.0,0.0,125833.33,0.0,0.0
3,6,0,9566.177736000001,630139.23,0.0,0.0,0.0,0.0,0.0,0.0,0.0,0.0,0.0,0.0,4166.67,0.0,0.0,0.0,0.0,0.0,0.0,0.0,0.0,0.0,0.0,1.0,0,0.0,130000.0,0,126027.85,18904.18,0.0,0.0,0.0,0.0,130000.0,0.0,0.0
3,7,0,9566.177736000001,630139.23,0.0,0.0,0.0,0.0,0.0,0.0,0.0,0.0,0.0,0.0,4166.67,0.0,0.0,0.0,0.0,0.0,0.0,0.0,0.0,0.0,0.0,1.0,0,0.0,134166.67,0,126027.85,18904.18,0.0,0.0,0.0,0.0,134166.67,0.0,0.0
3,8,0,9566.177736000001,630139.23,0.0,0.0,0.0,0.0,0.0,0.0,0.0,0.0,0.0,0.0,4166.67,0.0,0.0,0.0,0.0,0.0,0.0,0.0,0.0,0.0,0.0,1.0,0,0.0,138333.33,0,126027.85,18904.18,0.0,0.0,0.0,0.0,138333.33,0.0,0.0
3,9,0,9566.177736000001,630139.23,0.0,0.0,0.0,0.0,0.0,0.0,0.0,0.0,0.0,0.0,4166.67,0.0,0.0,0.0,0.0,0.0,0.0,0.0,0.0,0.0,0.0,1.0,0,0.0,142500.0,0,126027.85,18904.18,0.0,0.0,0.0,0.0,142500.0,0.0,0.0
3,10,1,9566.177736000001,630139.23,0.0,0.0,0.0,0.0,0.0,0.0,0.0,0.0,0.0,0.0,4166.67,0.0,0.0,0.0,0.0,0.0,0.0,0.0,0.0,0.0,0.0,1.0,0,0.0,0.0,1,126027.85,18904.18,0.0,144932.02,0.0,1734.64,0.0,630139.23,502376.74
3,11,1,9566.177736000001,630139.23,6510.0,1302.0,520.8,797.18,525.12,288.81,3303.24,435.5,2867.73,3596.89,4166.67,0.0,0.0,2604.0,2604.0,2604.0,260.4,260.4,260.4,2604.0,2604.0,1.0,0,0.0,0.0,0,157534.81,18904.18,0.0,0.0,0.0,1075.12,0.0,631693.32,500866.12
3,12,1,9566.177736000001,630139.23,6727.0,1345.4,538.16,797.18,525.12,288.81,3303.24,444.13,2859.11,3770.49,4166.67,0.0,0.0,2690.8,2690.8,82.46,269.08,269.08,8.35,2690.8,2690.8,1.0,0,0.0,0.0,0,157534.81,18904.18,0.0,0.0,0.0,4004.94,0.0,633251.25,496417.05
4,1,1,9853.163068080003,630139.23,6727.0,1345.4,538.16,821.1,525.12,288.81,3303.24,469.52,2833.71,3746.57,4166.67,0.0,0.0,2690.8,2695.28,0.0,269.08,269.42,0.0,2690.8,2695.28,1.0016666666666667,0,0.0,0.0,0,157534.81,18904.18,0.0,0.0,0.0,4071.84,0.0,634813.01,491875.68
4,2,1,9853.163068080003,630139.23,6076.0,1215.2,486.08,821.1,525.12,288.81,3303.24,495.45,2807.79,3225.77,4166.67,0.0,0.0,2430.4,2699.78,0.0,243.04,269.75,0.0,2430.4,2699.78,1.1108364087301588,0,0.0,0.0,0,157534.81,18904.18,0.0,0.0,0.0,3603.12,0.0,636378.63,487777.11
4,3,1,9853.163068080003,630139.23,6727.0,1345.4,538.16,821.1,525.12,288.81,3303.24,518.84,2784.39,3746.57,4166.67,0.0,0.0,2690.8,2704.28,0.0,269.08,270.09,0.0,2690.8,2704.28,1.005008337962963,0,0.0,0.0,0,157534.81,18904.18,0.0,0.0,0.0,4071.84,0.0,637948.12,483186.42
4,4,1,9853.163068080003,630139.23,6510.0,1302.0,520.8,821.1,525.12,288.81,3303.24,545.05,2758.19,3572.97,4166.67,0.0,0.0,2604.0,2708.78,0.0,260.4,270.43,0.0,2604.0,2708.78,1.0402394635882204,0,0.0,0.0,0,157534.81,18904.18,0.0,0.0,0.0,3915.6,0.0,639521.47,478725.77
4,5,1,9853.163068080003,630139.23,6727.0,1345.4,538.16,821.1,525.12,288.81,3303.24,570.51,2732.73,3746.57,4166.67,0.0,0.0,2690.8,2713.3,0.0,269.08,270.77,0.0,2690.8,2713.3,1.0083611574460007,0,2588.7,2588.7,0,157534.81,18904.18,0.0,0.0,0.0,4071.84,0.0,641098.7,474083.42
4,6,1,9853.163068080003,630139.23,6510.0,1302.0,520.8,821.1,525.12,288.81,3303.24,597.01,2706.23,3572.97,4166.67,0.0,0.0,2604.0,2717.82,0.0,260.4,271.1,0.0,2604.0,2717.82,1.0437098180209134,0,8267.75,8267.75,0,157534.81,18904.18,0.0,0.0,0.0,3915.6,0.0,642679.82,469570.81
4,7,1,9853.163068080003,630139.23,6727.0,1345.4,538.16,821.1,525.12,288.81,3303.24,622.77,2680.47,3746.57,4166.67,0.0,0.0,2690.8,2722.35,0.0,269.08,271.44,0.0,2690.8,2722.35,1.0117251623073693,0,13823.08,13823.08,0,157534.81,18904.18,0.0,0.0,0.0,4071.84,0.0,644264.84,464876.19
4,8,1,9853.163068080003,630139.23,6727.0,1345.4,538.16,821.1,525.12,288.81,3303.24,649.57,2653.67,3746.57,4166.67,0.0,0.0,2690.8,2726.89,0.0,269.08,271.78,0.0,2690.8,2726.89,1.0134113709112151,0,19558.8,19558.8,0,157534.81,18904.18,0.0,0.0,0.0,4071.84,0.0,645853.78,460154.78
4,9,1,9853.163068080003,630139.23,6510.0,1302.0,520.8,821.1,525.12,288.81,3303.24,676.52,2626.72,3572.97,4166.67,0.0,0.0,2604.0,2731.43,0.0,260.4,272.12,0.0,2604.0,2731.43,1.048937069524825,0,25323.51,25323.51,0,157534.81,18904.18,0.0,0.0,0.0,3915.6,0.0,647446.63,455562.66
4,10,1,9853.163068080003,630139.23,6727.0,1345.4,538.16,821.1,525.12,288.81,3303.24,702.73,2600.5,3746.57,4166.67,0.0,0.0,2690.8,2735.98,0.0,269.08,272.46,0.0,2690.8,2735.98,1.0167922238458382,0,30964.95,30964.95,0,157534.81,18904.18,0.0,0.0,0.0,4071.84,0.0,649043.4,450788.08
4,11,1,9853.163068080003,630139.23,6510.0,1302.0,520.8,821.1,525.12,288.81,3303.24,729.99,2573.25,3572.97,4166.67,0.0,0.0,2604.0,2740.54,0.0,260.4,272.8,0.0,2604.0,2740.54,1.052436440137323,0,36787.25,36787.25,0,157534.81,18904.18,0.0,0.0,0.0,3915.6,0.0,650644.12,446142.49
4,12,1,9853.163068080003,630139.23,6727.0,1345.4,538.16,821.1,525.12,288.81,3303.24,756.51,2546.73,3746.57,4166.67,0.0,0.0,2690.8,2745.11,0.0,269.08,273.14,0.0,2690.8,2745.11,1.0201843556815018,0,42486.59,42486.59,0,157534.81,18904.18,0.0,0.0,0.0,4071.84,0.0,652248.78,441314.14
5,1,1,10148.757960122402,630139.23,6727.0,1345.4,538.16,845.73,525.12,288.81,3303.24,784.07,2519.17,3721.94,4166.67,0.0,0.0,2690.8,2749.69,0.0,269.08,273.49,0.0,2690.8,2749.69,1.021884662940971,0,48367.09,48367.09,0,157534.81,18904.18,0.0,0.0,0.0,4047.21,0.0,653857.4,436482.86
5,2,1,10148.757960122402,630139.23,6076.0,1215.2,486.08,845.73,525.12,288.81,3303.24,811.65,2491.59,3201.14,4166.67,0.0,0.0,2430.4,2754.27,0.0,243.04,273.83,0.0,2430.4,2754.27,1.1332579259079305,0,54253.34,54253.34,0,157534.81,18904.18,0.0,0.0,0.0,3578.49,0.0,655469.99,432092.72
5,3,1,10148.757960122402,630139.23,6727.0,1345.4,538.16,845.73,525.12,288.81,3303.24,836.71,2466.53,3721.94,4166.67,0.0,0.0,2690.8,2758.86,0.0,269.08,274.17,0.0,2690.8,2758.86,1.0252937837192824,0,59712.14,59712.14,0,157534.81,18904.18,0.0,0.0,0.0,4047.21,0.0,657086.56,427208.81
5,4,1,10148.757960122402,630139.23,6510.0,1302.0,520.8,845.73,525.12,288.81,3303.24,864.59,2438.65,3548.34,4166.67,0.0,0.0,2604.0,2763.46,0.0,260.4,274.51,0.0,2604.0,2763.46,1.0612360269152195,0,65655.53,65655.53,0,157534.81,18904.18,0.0,0.0,0.0,3890.97,0.0,658707.11,422453.25
5,5,1,10148.757960122402,630139.23,6727.0,1345.4,538.16,845.73,525.12,288.81,3303.24,891.73,2411.5,3721.94,4166.67,0.0,0.0,2690.8,2768.06,0.0,269.08,274.86,0.0,2690.8,2768.06,1.0287142777033014,0,71476.61,71476.61,0,157534.81,18904.18,0.0,0.0,0.0,4047.21,0.0,660331.66,417514.31
5,6,1,10148.757960122402,630139.23,6510.0,1302.0,520.8,845.73,525.12,288.81,3303.24,919.93,2383.31,3548.34,4166.67,0.0,0.0,2604.0,2772.68,0.0,260.4,275.2,0.0,2604.0,2772.68,1.0647764282161227,0,77479.51,77479.51,0,157534.81,18904.18,0.0,0.0,0.0,3890.97,0.0,661960.22,412703.41
5,7,1,10148.757960122402,630139.23,6727.0,1345.4,538.16,845.73,525.12,288.81,3303.24,947.39,2355.85,3721.94,4166.67,0.0,0.0,2690.8,2777.3,0.0,269.08,275.54,0.0,2690.8,2777.3,1.032146182835306,0,83360.41,83360.41,0,157534.81,18904.18,0.0,0.0,0.0,4047.21,0.0,663592.79,407708.81
5,8,1,10148.757960122402,630139.23,6727.0,1345.4,538.16,845.73,525.12,288.81,3303.24,975.9,2327.34,3721.94,4166.67,0.0,0.0,2690.8,2781.93,0.0,269.08,275.89,0.0,2690.8,2781.93,1.033866426473365,0,89423.45,89423.45,0,157534.81,18904.18,0.0,0.0,0.0,4047.21,0.0,665229.39,402685.7
5,9,1,10148.757960122402,630139.23,6510.0,1302.0,520.8,845.73,525.12,288.81,3303.24,1004.57,2298.66,3548.34,4166.67,0.0,0.0,2604.0,2786.56,0.0,260.4,276.23,0.0,2604.0,2786.56,1.0701091884236258,0,95517.25,95517.25,0,157534.81,18904.18,0.0,0.0,0.0,3890.97,0.0,666870.02,397790.16
5,10,1,10148.757960122402,630139.23,6727.0,1345.4,538.16,845.73,525.12,288.81,3303.24,1032.52,2270.72,3721.94,4166.67,0.0,0.0,2690.8,2791.21,0.0,269.08,276.58,0.0,2690.8,2791.21,1.0373155197461275,0,101489.53,101489.53,0,157534.81,18904.18,0.0,0.0,0.0,4047.21,0.0,668514.71,392710.43
5,11,1,10148.757960122402,630139.23,6510.0,1302.0,520.8,845.73,525.12,288.81,3303.24,1061.51,2241.72,3548.34,4166.67,0.0,0.0,2604.0,2795.86,0.0,260.4,276.92,0.0,2604.0,2795.86,1.073679191577228,0,107644.45,107644.45,0,157534.81,18904.18,0.0,0.0,0.0,3890.97,0.0,670163.44,387757.95
5,12,1,10148.757960122402,630139.23,6727.0,1345.4,538.16,845.73,525.12,288.81,3303.24,1089.78,2213.45,3721.94,4166.67,0.0,0.0,2690.8,2800.52,0.0,269.08,277.27,0.0,2690.8,2800.52,1.0407761195772807,0,113678.2,113678.2,0,157534.81,18904.18,0.0,0.0,0.0,4047.21,0.0,671816.25,382620.95
6,1,1,10453.220698926074,630139.23,6727.0,1345.4,538.16,871.1,525.12,288.81,3303.24,1119.11,2184.13,3696.57,4166.67,0.0,0.0,2690.8,2805.19,0.0,269.08,277.62,0.0,2690.8,2805.19,1.0425107464432426,0,119894.91,119894.91,0,157534.81,18904.18,0.0,0.0,0.0,4021.84,0.0,673473.13,377480.0
6,2,1,10453.220698926074,630139.23,6076.0,1215.2,486.08,871.1,525.12,288.81,3303.24,1148.45,2154.78,3175.77,4166.67,0.0,0.0,2430.4,2809.86,0.0,243.04,277.96,0.0,2430.4,2809.86,1.1561320069633367,0,126118.45,126118.45,0,157534.81,18904.18,0.0,0.0,0.0,3553.12,0.0,675134.09,372778.43
6,3,1,10453.220698926074,630139.23,6727.0,1345.4,538.16,871.1,525.12,288.81,3303.24,1175.29,2127.94,3696.57,4166.67,0.0,0.0,2690.8,2814.55,0.0,269.08,278.31,0.0,2690.8,2814.55,1.0459886781279049,0,131916.34,131916.34,0,157534.81,18904.18,0.0,0.0,0.0,4021.84,0.0,676799.16,367581.3
6,4,1,10453.220698926074,630139.23,6510.0,1302.0,520.8,871.1,525.12,288.81,3303.24,1204.96,2098.28,3522.97,4166.67,0.0,0.0,2604.0,2819.24,0.0,260.4,278.66,0.0,2604.0,2819.24,1.0826563923444998,0,138200.66,138200.66,0,157534.81,18904.18,0.0,0.0,0.0,3865.6,0.0,678468.33,362510.74
6,5,1,10453.220698926074,630139.23,6727.0,1345.4,538.16,871.1,525.12,288.81,3303.24,1233.9,2069.33,3696.57,4166.67,0.0,0.0,2690.8,2823.94,0.0,269.08,279.01,0.0,2690.8,2823.94,1.0494782125791038,0,144364.49,144364.49,0,157534.81,18904.18,0.0,0.0,0.0,4021.84,0.0,680141.61,357255.0
6,6,1,10453.220698926074,630139.23,6510.0,1302.0,520.8,871.1,525.12,288.81,3303.24,1263.91,2039.33,3522.97,4166.67,0.0,0.0,2604.0,2828.64,0.0,260.4,279.36,0.0,2604.0,2828.64,1.0862682543645157,0,150711.98,150711.98,0,157534.81,18904.18,0.0,0.0,0.0,3865.6,0.0,681819.02,352125.49
6,7,1,10453.220698926074,630139.23,6727.0,1345.4,538.16,871.1,525.12,288.81,3303.24,1293.19,2010.05,3696.57,4166.67,0.0,0.0,2690.8,2833.36,0.0,269.08,279.7,0.0,2690.8,2833.36,1.0529793885049579,0,156939.33,156939.33,0,157534.81,18904.18,0.0,0.0,0.0,4021.84,0.0,683500.57,346810.47
6,8,1,10453.220698926074,630139.23,6727.0,1345.4,538.16,871.1,525.12,288.81,3303.24,1323.53,1979.71,3696.57,4166.67,0.0,0.0,2690.8,2838.08,0.0,269.08,280.05,0.0,2690.8,2838.08,1.0547343541524663,0,163350.68,163350.68,0,157534.81,18904.18,0.0,0.0,0.0,4021.84,0.0,685186.27,341465.1
6,9,1,10453.220698926074,630139.23,6510.0,1302.0,520.8,871.1,525.12,288.81,3303.24,1354.04,1949.2,3522.97,4166.67,0.0,0.0,2604.0,2842.81,0.0,260.4,280.4,0.0,2604.0,2842.81,1.091708652900811,0,169794.65,169794.65,0,157534.81,18904.18,0.0,0.0,0.0,3865.6,0.0,686876.12,336245.46
6,10,2,10453.220698926074,630139.23,6727.0,1345.4,538.16,871.1,525.12,288.81,3303.24,1383.84,1919.4,3696.57,4166.67,0.0,0.0,2690.8,2847.55,0.0,269.08,280.75,0.0,2690.8,2847.55,1.058253065150625,0,3701.86,3701.86,1,157534.81,18904.18,0.0,176438.98,172417.14,0.0,0.0,1318709.37,985215.68
6,11,2,10453.220698926074,630139.23,13020.0,2604.0,1041.6,1742.2,1050.23,577.63,8150.31,2526.37,5623.94,7045.94,4166.67,0.0,0.0,5208.0,4872.99,2020.69,520.8,281.11,0.0,5208.0,4872.99,0.9356732522932447,1,7000.85,7000.85,0,0.0,0.0,0.0,0.0,0.0,0.0,0.0,1321961.67,982689.31
6,12,2,10453.220698926074,630139.23,13454.0,2690.8,1076.32,1742.2,1050.23,577.63,8150.31,2540.79,5609.52,7393.14,4166.67,0.0,0.0,5381.6,5381.6,500.49,538.16,538.16,256.7,5381.6,5381.6,1.0,0,10314.66,10314.66,0,157534.81,18904.18,0.0,0.0,0.0,1575.98,0.0,1325221.98,978572.54
7,1,2,10766.817319893857,630139.23,13454.0,2690.8,1076.32,1794.47,1050.23,577.63,8150.31,2564.29,5586.02,7340.87,4166.67,0.0,0.0,5381.6,5390.57,0.0,538.16,538.83,0.0,5381.6,5390.57,1.0016666666666667,0,15180.8,15180.8,0,157534.81,18904.18,0.0,0.0,0.0,2280.91,0.0,1328490.34,973727.34
7,2,2,10766.817319893857,630139.23,12152.0,2430.4,972.16,1794.47,1050.23,577.63,8150.31,2591.95,5558.36,6299.27,4166.67,0.0,0.0,4860.8,5399.55,0.0,486.08,539.51,0.0,4860.8,5399.55,1.1108364087301588,0,20758.38,20758.38,0,157534.81,18904.18,0.0,0.0,0.0,1343.47,0.0,1331766.75,969791.92
7,3,2,10766.817319893857,630139.23,13454.0,2690.8,1076.32,1794.47,1050.23,577.63,8150.31,2614.41,5535.9,7340.87,4166.67,0.0,0.0,5381.6,5408.55,0.0,538.16,540.18,0.0,5381.6,5408.55,1.005008337962963,0,25449.26,25449.26,0,157534.81,18904.18,0.0,0.0,0.0,2280.91,0.0,1335051.25,964896.6
7,4,2,10766.817319893857,630139.23,13020.0,2604.0,1041.6,1794.47,1050.23,577.63,8150.31,2642.36,5507.95,6993.67,4166.67,0.0,0.0,5208.0,5417.57,0.0,520.8,540.86,0.0,5208.0,5417.57,1.0402394635882204,0,31077.37,31077.37,0,157534.81,18904.18,0.0,0.0,0.0,1968.43,0.0,1338343.84,960285.82
7,5,2,10766.817319893857,630139.23,13454.0,2690.8,1076.32,1794.47,1050.23,577.63,8150.31,2668.68,5481.63,7340.87,4166.67,0.0,0.0,5381.6,5426.6,0.0,538.16,541.53,0.0,5381.6,5426.6,1.0083611574460007,0,36428.72,36428.72,0,157534.81,18904.18,0.0,0.0,0.0,2280.91,0.0,1341644.56,955336.23
7,6,2,10766.817319893857,630139.23,13020.0,2604.0,1041.6,1794.47,1050.23,577.63,8150.31,2696.93,5453.38,6993.67,4166.67,0.0,0.0,5208.0,5435.64,0.0,520.8,542.21,0.0,5208.0,5435.64,1.0437098180209134,0,42111.39,42111.39,0,157534.81,18904.18,0.0,0.0,0.0,1968.43,0.0,1344953.42,950670.87
7,7,2,10766.817319893857,630139.23,13454.0,2690.8,1076.32,1794.47,1050.23,577.63,8150.31,2723.56,5426.75,7340.87,4166.67,0.0,0.0,5381.6,5444.7,0.0,538.16,542.89,0.0,5381.6,5444.7,1.0117251623073693,0,47517.59,47517.59,0,157534.81,18904.18,0.0,0.0,0.0,2280.91,0.0,1348270.44,945666.4
7,8,2,10766.817319893857,630139.23,13454.0,2690.8,1076.32,1794.47,1050.23,577.63,8150.31,2752.13,5398.18,7340.87,4166.67,0.0,0.0,5381.6,5453.77,0.0,538.16,543.57,0.0,5381.6,5453.77,1.0134113709112151,0,53255.4,53255.4,0,157534.81,18904.18,0.0,0.0,0.0,2280.91,0.0,1351595.63,940633.36
7,9,2,10766.817319893857,630139.23,13020.0,2604.0,1041.6,1794.47,1050.23,577.63,8150.31,2780.86,5369.45,6993.67,4166.67,0.0,0.0,5208.0,5462.86,0.0,520.8,544.24,0.0,5208.0,5462.86,1.048937069524825,0,59021.86,59021.86,0,157534.81,18904.18,0.0,0.0,0.0,1968.43,0.0,1354929.03,935884.07
7,10,2,10766.817319893857,630139.23,13454.0,2690.8,1076.32,1794.47,1050.23,577.63,8150.31,2807.97,5342.34,7340.87,4166.67,0.0,0.0,5381.6,5471.97,0.0,538.16,544.92,0.0,5381.6,5471.97,1.0167922238458382,0,64512.31,64512.31,0,157534.81,18904.18,0.0,0.0,0.0,2280.91,0.0,1358270.65,930795.19
7,11,2,10766.817319893857,630139.23,13020.0,2604.0,1041.6,1794.47,1050.23,577.63,8150.31,2837.02,5313.29,6993.67,4166.67,0.0,0.0,5208.0,5481.09,0.0,520.8,545.61,0.0,5208.0,5481.09,1.052436440137323,0,68109.7,68109.7,0,157534.81,18904.18,0.0,0.0,0.0,1968.43,0.0,1361620.52,925989.75
7,12,2,10766.817319893857,630139.23,13454.0,2690.8,1076.32,1794.47,1050.23,577.63,8150.31,2864.45,5285.86,7340.87,4166.67,0.0,0.0,5381.6,5490.22,0.0,538.16,546.29,0.0,5381.6,5490.22,1.0201843556815018,0,71723.5,71723.5,0,157534.81,18904.18,0.0,0.0,0.0,2280.91,0.0,1364978.64,920844.39
8,1,2,11089.821839490673,630139.23,13454.0,2690.8,1076.32,1848.3,1050.23,577.63,8150.31,2893.82,5256.49,7287.04,4166.67,0.0,0.0,5381.6,5499.37,0.0,538.16,546.97,0.0,5381.6,5499.37,1.021884662940971,0,75353.8,75353.8,0,157534.81,18904.18,0.0,0.0,0.0,2227.07,0.0,1368345.05,915723.49
8,2,2,11089.821839490673,630139.23,12152.0,2430.4,972.16,1848.3,1050.23,577.63,8150.31,2923.06,5227.25,6245.44,4166.67,0.0,0.0,4860.8,5508.54,0.0,486.08,547.65,0.0,4860.8,5508.54,1.1332579259079305,0,79000.67,79000.67,0,157534.81,18904.18,0.0,0.0,0.0,1289.63,0.0,1371719.75,911510.8
8,3,2,11089.821839490673,630139.23,13454.0,2690.8,1076.32,1848.3,1050.23,577.63,8150.31,2947.1,5203.21,7287.04,4166.67,0.0,0.0,5381.6,5517.72,0.0,538.16,548.34,0.0,5381.6,5517.72,1.0252937837192824,0,82664.21,82664.21,0,157534.81,18904.18,0.0,0.0,0.0,2227.07,0.0,1375102.78,906336.63
8,4,2,11089.821839490673,630139.23,13020.0,2604.0,1041.6,1848.3,1050.23,577.63,8150.31,2976.64,5173.67,6939.84,4166.67,0.0,0.0,5208.0,5526.92,0.0,520.8,549.02,0.0,5208.0,5526.92,1.0612360269152195,0,86344.49,86344.49,0,157534.81,18904.18,0.0,0.0,0.0,1914.59,0.0,1378494.16,901445.39
8,5,2,11089.821839490673,630139.23,13454.0,2690.8,1076.32,1848.3,1050.23,577.63,8150.31,3004.56,5145.75,7287.04,4166.67,0.0,0.0,5381.6,5536.13,0.0,538.16,549.71,0.0,5381.6,5536.13,1.0287142777033014,0,90041.6,90041.6,0,157534.81,18904.18,0.0,0.0,0.0,2227.07,0.0,1381893.9,896213.76
8,6,2,11089.821839490673,630139.23,13020.0,2604.0,1041.6,1848.3,1050.23,577.63,8150.31,3034.42,5115.89,6939.84,4166.67,0.0,0.0,5208.0,5545.36,0.0,520.8,550.4,0.0,5208.0,5545.36,1.0647764282161227,0,93755.63,93755.63,0,157534.81,18904.18,0.0,0.0,0.0,1914.59,0.0,1385302.02,891264.74
8,7,2,11089.821839490673,630139.23,13454.0,2690.8,1076.32,1848.3,1050.23,577.63,8150.31,3062.67,5087.64,7287.04,4166.67,0.0,0.0,5381.6,5554.6,0.0,538.16,551.09,0.0,5381.6,5554.6,1.032146182835306,0,97486.67,97486.67,0,157534.81,18904.18,0.0,0.0,0.0,2227.07,0.0,1388718.55,885975.0
8,8,2,11089.821839490673,630139.23,13454.0,2690.8,1076.32,1848.3,1050.23,577.63,8150.31,3092.87,5057.44,7287.04,4166.67,0.0,0.0,5381.6,5563.86,0.0,538.16,551.77,0.0,5381.6,5563.86,1.033866426473365,0,101234.79,101234.79,0,157534.81,18904.18,0.0,0.0,0.0,2227.07,0.0,1392143.5,880655.05
8,9,2,11089.821839490673,630139.23,13020.0,2604.0,1041.6,1848.3,1050.23,577.63,8150.31,3123.24,5027.07,6939.84,4166.67,0.0,0.0,5208.0,5573.13,0.0,520.8,552.46,0.0,5208.0,5573.13,1.0701091884236258,0,105000.1,105000.1,0,157534.81,18904.18,0.0,0.0,0.0,1914.59,0.0,1395576.9,875617.22
8,10,2,11089.821839490673,630139.23,13454.0,2690.8,1076.32,1848.3,1050.23,577.63,8150.31,3152.0,4998.31,7287.04,4166.67,0.0,0.0,5381.6,5582.42,0.0,538.16,553.16,0.0,5381.6,5582.42,1.0373155197461275,0,108782.66,108782.66,0,157534.81,18904.18,0.0,0.0,0.0,2227.07,0.0,1399018.77,870238.16
8,11,2,11089.821839490673,630139.23,13020.0,2604.0,1041.6,1848.3,1050.23,577.63,8150.31,3182.7,4967.61,6939.84,4166.67,0.0,0.0,5208.0,5591.72,0.0,520.8,553.85,0.0,5208.0,5591.72,1.073679191577228,0,112582.58,112582.58,0,157534.81,18904.18,0.0,0.0,0.0,1914.59,0.0,1402469.13,865140.86
8,12,2,11089.821839490673,630139.23,13454.0,2690.8,1076.32,1848.3,1050.23,577.63,8150.31,3211.8,4938.51,7287.04,4166.67,0.0,0.0,5381.6,5601.04,0.0,538.16,554.54,0.0,5381.6,5601.04,1.0407761195772807,0,116399.95,116399.95,0,157534.81,18904.18,0.0,0.0,0.0,2227.07,0.0,1405928.0,859701.99
9,1,2,11422.516494675394,630139.23,13454.0,2690.8,1076.32,1903.75,1050.23,577.63,8150.31,3242.84,4907.47,7231.59,4166.67,0.0,0.0,5381.6,5610.38,0.0,538.16,555.23,0.0,5381.6,5610.38,1.0425107464432426,0,120234.84,120234.84,0,157534.81,18904.18,0.0,0.0,0.0,2171.62,0.0,1409395.4,854287.52
9,2,2,11422.516494675394,630139.23,12152.0,2430.4,972.16,1903.75,1050.23,577.63,8150.31,3273.75,4876.56,6189.99,4166.67,0.0,0.0,4860.8,5619.73,0.0,486.08,555.93,0.0,4860.8,5619.73,1.1561320069633367,0,124087.35,124087.35,0,157534.81,18904.18,0.0,0.0,0.0,1234.18,0.0,1412871.35,849779.59
9,3,2,11422.516494675394,630139.23,13454.0,2690.8,1076.32,1903.75,1050.23,577.63,8150.31,3299.49,4850.83,7231.59,4166.67,0.0,0.0,5381.6,5629.09,0.0,538.16,556.62,0.0,5381.6,5629.09,1.0459886781279049,0,127957.58,127957.58,0,157534.81,18904.18,0.0,0.0,0.0,2171.62,0.0,1416355.87,844308.48
9,4,2,11422.516494675394,630139.23,13020.0,2604.0,1041.6,1903.75,1050.23,577.63,8150.31,3330.72,4819.59,6884.39,4166.67,0.0,0.0,5208.0,5638.47,0.0,520.8,557.32,0.0,5208.0,5638.47,1.0826563923444998,0,131845.6,131845.6,0,157534.81,18904.18,0.0,0.0,0.0,1859.14,0.0,1419848.98,839118.62
9,5,2,11422.516494675394,630139.23,13454.0,2690.8,1076.32,1903.75,1050.23,577.63,8150.31,3360.34,4789.97,7231.59,4166.67,0.0,0.0,5381.6,5647.87,0.0,538.16,558.01,0.0,5381.6,5647.87,1.0494782125791038,0,135751.52,135751.52,0,157534.81,18904.18,0.0,0.0,0.0,2171.62,0.0,1423350.71,833586.65
9,6,2,11422.516494675394,630139.23,13020.0,2604.0,1041.6,1903.75,1050.23,577.63,8150.31,3391.92,4758.39,6884.39,4166.67,0.0,0.0,5208.0,5657.29,0.0,520.8,558.71,0.0,5208.0,5657.29,1.0862682543645157,0,139675.42,139675.42,0,157534.81,18904.18,0.0,0.0,0.0,1859.14,0.0,1426861.08,828335.59
9,7,2,11422.516494675394,630139.23,13454.0,2690.8,1076.32,1903.75,1050.23,577.63,8150.31,3421.89,4728.42,7231.59,4166.67,0.0,0.0,5381.6,5666.71,0.0,538.16,559.41,0.0,5381.6,5666.71,1.0529793885049579,0,143617.4,143617.4,0,157534.81,18904.18,0.0,0.0,0.0,2171.62,0.0,1430380.11,822742.07
9,8,2,11422.516494675394,630139.23,13454.0,2690.8,1076.32,1903.75,1050.23,577.63,8150.31,3453.82,4696.49,7231.59,4166.67,0.0,0.0,5381.6,5676.16,0.0,538.16,560.11,0.0,5381.6,5676.16,1.0547343541524663,0,147577.55,147577.55,0,157534.81,18904.18,0.0,0.0,0.0,2171.62,0.0,1433907.81,817116.62
9,9,2,11422.516494675394,630139.23,13020.0,2604.0,1041.6,1903.75,1050.23,577.63,8150.31,3485.94,4664.37,6884.39,4166.67,0.0,0.0,5208.0,5685.62,0.0,520.8,560.81,0.0,5208.0,5685.62,1.091708652900811,0,151555.95,151555.95,0,157534.81,18904.18,0.0,0.0,0.0,1859.14,0.0,1437444.21,811771.54
9,10,2,11422.516494675394,630139.23,13454.0,2690.8,1076.32,1903.75,1050.23,577.63,8150.31,3516.45,4633.86,7231.59,4166.67,0.0,0.0,5381.6,5695.09,0.0,538.16,561.51,0.0,5381.6,5695.09,1.058253065150625,0,155552.72,155552.72,0,157534.81,18904.18,0.0,0.0,0.0,2171.62,0.0,1440989.34,806083.47
9,11,2,11422.516494675394,630139.23,13020.0,2604.0,1041.6,1903.75,1050.23,577.63,8150.31,3548.92,4601.39,6884.39,4166.67,0.0,0.0,5208.0,5704.59,0.0,520.8,562.21,0.0,5208.0,5704.59,1.0953507142678498,0,159567.93,159567.93,0,157534.81,18904.18,0.0,0.0,0.0,1859.14,0.0,1444543.21,800675.41
9,12,2,11422.516494675394,630139.23,13454.0,2690.8,1076.32,1903.75,1050.23,577.63,8150.31,3579.79,4570.52,7231.59,4166.67,0.0,0.0,5381.6,5714.09,0.0,538.16,562.91,0.0,5381.6,5714.09,1.0617835149596415,0,163601.68,163601.68,0,157534.81,18904.18,0.0,0.0,0.0,2171.62,0.0,1448105.84,794924.0
10,1,2,11765.191989515655,630139.23,13454.0,2690.8,1076.32,1960.87,1050.23,577.63,8150.31,3612.62,4537.69,7174.47,4166.67,0.0,0.0,5381.6,5723.62,0.0,538.16,563.62,0.0,5381.6,5723.62,1.063553154151241,0,167654.07,167654.07,0,157534.81,18904.18,0.0,0.0,0.0,2114.51,0.0,1451677.26,789196.86
10,2,2,11765.191989515655,630139.23,12152.0,2430.4,972.16,1960.87,1050.23,577.63,8150.31,3645.31,4505.0,6132.87,4166.67,0.0,0.0,4860.8,5733.16,0.0,486.08,564.32,0.0,4860.8,5733.16,1.1794677866066534,0,173787.98,173787.98,0,157534.81,18904.18,0.0,0.0,0.0,1177.07,0.0,1455257.49,784374.48
10,3,3,11765.191989515655,630139.23,13454.0,2690.8,1076.32,1960.87,1050.23,577.63,8150.31,3672.84,4477.47,7174.47,4166.67,0.0,0.0,5381.6,5742.71,0.0,538.16,565.03,0.0,5381.6,5742.71,1.0671012856460627,0,3565.24,3565.24,1,157534.81,18904.18,0.0,176438.98,174324.47,0.0,0.0,2088985.77,1433022.01
10,4,3,11765.191989515655,630139.23,19530.0,3906.0,1562.4,2941.3,1575.35,866.44,13550.47,5370.3,8180.17,10240.91,4166.67,0.0,0.0,7812.0,5752.28,0.0,781.2,565.73,0.0,7812.0,5752.28,0.7363394093656219,1,128220.3,127515.0,0,0.0,0.0,0.0,0.0,0.0,0.0,-705.29,2094137.77,1427651.71
10,5,3,11765.191989515655,630139.23,20181.0,4036.2,1614.48,2941.3,1575.35,866.44,13550.47,5400.96,8149.51,10761.71,4166.67,0.0,0.0,8072.4,5761.87,0.0,807.24,566.44,0.0,8072.4,5761.87,0.7137741694011918,1,130307.86,129365.99,0,0.0,0.0,0.0,0.0,0.0,0.0,-941.86,2099302.48,1422250.75
10,6,3,11765.191989515655,630139.23,19530.0,3906.0,1562.4,2941.3,1575.35,866.44,13550.47,5431.79,8118.68,10240.91,4166.67,0.0,0.0,7812.0,5771.47,0.0,781.2,567.15,0.0,7812.0,5771.47,0.7387959194507556,1,132403.27,130756.12,0,0.0,0.0,0.0,0.0,0.0,0.0,-1647.16,2104479.93,1416818.96
10,7,3,11765.191989515655,630139.23,20181.0,4036.2,1614.48,2941.3,1575.35,866.44,13550.47,5462.8,8087.67,10761.71,4166.67,0.0,0.0,8072.4,5781.09,0.0,807.24,567.86,0.0,8072.4,5781.09,0.7161553993385552,1,134506.57,132622.84,0,0.0,0.0,0.0,0.0,0.0,0.0,-1883.73,2109670.14,1411356.16
10,8,3,11765.191989515655,630139.23,20181.0,4036.2,1614.48,2941.3,1575.35,866.44,13550.47,5493.98,8056.49,10761.71,4166.67,0.0,0.0,8072.4,5790.73,0.0,807.24,568.57,0.0,8072.4,5790.73,0.7173489916707861,1,136617.79,134497.49,0,0.0,0.0,0.0,0.0,0.0,0.0,-2120.3,2114873.16,1405862.18
10,9,3,11765.191989515655,630139.23,19530.0,3906.0,1562.4,2941.3,1575.35,866.44,13550.47,5525.34,8025.13,10240.91,4166.67,0.0,0.0,7812.0,5800.38,0.0,781.2,569.28,0.0,7812.0,5800.38,0.7424960591010231,1,138736.97,135911.38,0,0.0,0.0,0.0,0.0,0.0,0.0,-2825.59,2120089.01,1400336.84
10,10,3,11765.191989515655,630139.23,20181.0,4036.2,1614.48,2941.3,1575.35,866.44,13550.47,5556.88,7993.59,10761.71,4166.67,0.0,0.0,8072.4,5810.05,0.0,807.24,569.99,0.0,8072.4,5810.05,0.7197421476124435,1,140864.14,137801.97,0,0.0,0.0,0.0,0.0,0.0,0.0,-3062.16,2125317.72,1394779.96
10,11,3,11765.191989515655,630139.23,19530.0,3906.0,1562.4,2941.3,1575.35,866.44,13550.47,5588.6,7961.87,10240.91,4166.67,0.0,0.0,7812.0,5819.73,0.0,781.2,570.7,0.0,7812.0,5819.73,0.7449731084537463,1,142999.33,139231.88,0,0.0,0.0,0.0,0.0,0.0,0.0,-3767.45,2130559.32,1389191.36
10,12,3,11765.191989515655,630139.23,20181.0,4036.2,1614.48,2941.3,1575.35,866.44,13550.47,5620.5,7929.97,10761.71,4166.67,0.0,0.0,8072.4,5829.43,0.0,807.24,571.42,0.0,8072.4,5829.43,0.7221432873882284,1,145142.59,141138.56,0,0.0,0.0,0.0,0.0,0.0,0.0,-4004.03,2135813.86,1383570.86
11,1,3,12118.147749201125,630139.23,20181.0,4036.2,1614.48,3029.54,1575.35,866.44,13550.47,5652.59,7897.88,10673.47,4166.67,0.0,0.0,8072.4,5839.15,0.0,807.24,572.13,0.0,8072.4,5839.15,0.7233468595338755,1,147293.95,142965.11,0,0.0,0.0,0.0,0.0,0.0,0.0,-4328.84,2141081.35,1377918.27
11,2,3,12118.147749201125,630139.23,18228.0,3645.6,1458.24,3029.54,1575.35,866.44,13550.47,5684.85,7865.62,9111.07,4166.67,0.0,0.0,7291.2,5848.88,0.0,729.12,572.85,0.0,7291.2,5848.88,0.8021830559509305,1,149453.44,143393.63,0,0.0,0.0,0.0,0.0,0.0,0.0,-6059.81,2146361.84,1372233.41
11,3,3,12118.147749201125,630139.23,20181.0,4036.2,1614.48,3029.54,1575.35,866.44,13550.47,5717.31,7833.17,10673.47,4166.67,0.0,0.0,8072.4,5858.63,0.0,807.24,573.56,0.0,8072.4,5858.63,0.7257600250291538,1,151621.1,145236.48,0,0.0,0.0,0.0,0.0,0.0,0.0,-6384.62,2151655.34,1366516.11
11,4,3,12118.147749201125,630139.23,19530.0,3906.0,1562.4,3029.54,1575.35,866.44,13550.47,5749.94,7800.53,10152.67,4166.67,0.0,0.0,7812.0,5868.39,0.0,781.2,574.28,0.0,7812.0,5868.39,0.7512019459065646,1,153796.97,146618.82,0,0.0,0.0,0.0,0.0,0.0,0.0,-7178.15,2156961.91,1360766.17
11,5,3,12118.147749201125,630139.23,20181.0,4036.2,1614.48,3029.54,1575.35,866.44,13550.47,5782.76,7767.71,10673.47,4166.67,0.0,0.0,8072.4,5878.17,0.0,807.24,575.0,0.0,8072.4,5878.17,0.7281812411126539,1,155981.09,148478.13,0,0.0,0.0,0.0,0.0,0.0,0.0,-7502.96,2162281.56,1354983.4
11,6,3,12118.147749201125,630139.23,19530.0,3906.0,1562.4,3029.54,1575.35,866.44,13550.47,5815.77,7734.7,10152.67,4166.67,0.0,0.0,7812.0,5887.97,0.0,781.2,575.72,0.0,7812.0,5887.97,0.7537080390649918,1,158173.48,149876.99,0,0.0,0.0,0.0,0.0,0.0,0.0,-8296.49,2167614.33,1349167.63
11,7,3,12118.147749201125,630139.23,20181.0,4036.2,1614.48,3029.54,1575.35,866.44,13550.47,5848.97,7701.5,10673.47,4166.67,0.0,0.0,8072.4,5897.78,0.0,807.24,576.44,0.0,8072.4,5897.78,0.7306105346420326,1,160374.19,151752.89,0,0.0,0.0,0.0,0.0,0.0,0.0,-8621.3,2172960.25,1343318.66
11,8,3,12118.147749201125,630139.23,20181.0,4036.2,1614.48,3029.54,1575.35,866.44,13550.47,5882.36,7668.11,10673.47,4166.67,0.0,0.0,8072.4,5907.61,0.0,807.24,577.16,0.0,8072.4,5907.61,0.731828218866436,1,162583.26,153637.15,0,0.0,0.0,0.0,0.0,0.0,0.0,-8946.11,2178319.35,1337436.3
11,9,3,12118.147749201125,630139.23,19530.0,3906.0,1562.4,3029.54,1575.35,866.44,13550.47,5915.94,7634.53,10152.67,4166.67,0.0,0.0,7812.0,5917.46,0.0,781.2,577.88,0.0,7812.0,5917.46,0.7574828636500315,1,164800.72,155061.08,0,0.0,0.0,0.0,0.0,0.0,0.0,-9739.64,2183691.68,1331520.36
11,10,3,12118.147749201125,630139.23,20181.0,4036.2,1614.48,3029.54,1575.35,866.44,13550.47,5949.71,7600.76,10673.47,4166.67,0.0,0.0,8072.4,5927.32,0.0,807.24,578.6,0.0,8072.4,5927.32,0.734269679118821,1,167026.61,156962.15,0,0.0,0.0,0.0,0.0,0.0,0.0,-10064.46,2189077.25,1325570.65
11,11,3,12118.147749201125,630139.23,19530.0,3906.0,1562.4,3029.54,1575.35,866.44,13550.47,5983.67,7566.8,10152.67,4166.67,0.0,0.0,7812.0,5937.2,0.0,781.2,579.32,0.0,7812.0,5937.2,0.7600099106479307,1,169260.97,158402.98,0,0.0,0.0,0.0,0.0,0.0,0.0,-10857.99,2194476.1,1319586.98
11,12,3,12118.147749201125,630139.23,20181.0,4036.2,1614.48,3029.54,1575.35,866.44,13550.47,6017.83,7532.64,10673.47,4166.67,0.0,0.0,8072.4,5947.09,0.0,807.24,580.05,0.0,8072.4,5947.09,0.7367192843538813,1,171503.83,160321.03,0,0.0,0.0,0.0,0.0,0.0,0.0,-11182.8,2199888.27,1313569.15
12,1,3,12481.69218167716,630139.23,20181.0,4036.2,1614.48,3120.42,1575.35,866.44,13550.47,6052.18,7498.29,10582.59,4166.67,0.0,0.0,8072.4,5957.0,0.0,807.24,580.77,0.0,8072.4,5957.0,0.7379471498278046,1,173755.23,162156.74,0,0.0,0.0,0.0,0.0,0.0,0.0,-11598.49,2205313.79,1307516.97
12,2,3,12481.69218167716,630139.23,18228.0,3645.6,1458.24,3120.42,1575.35,866.44,13550.47,6086.73,7463.74,9020.19,4166.67,0.0,0.0,7291.2,5966.93,0.0,729.12,581.5,0.0,7291.2,5966.93,0.8183746040739183,1,176015.22,162594.87,0,0.0,0.0,0.0,0.0,0.0,0.0,-13420.35,2210752.69,1301430.24
12,3,3,12481.69218167716,630139.23,20181.0,4036.2,1614.48,3120.42,1575.35,866.44,13550.47,6121.47,7429.0,10582.59,4166.67,0.0,0.0,8072.4,5976.88,0.0,807.24,582.22,0.0,8072.4,5976.88,0.740409023513758,1,178283.82,164447.78,0,0.0,0.0,0.0,0.0,0.0,0.0,-13836.05,2216205.0,1295308.77
12,4,3,12481.69218167716,630139.23,19530.0,3906.0,1562.4,3120.42,1575.35,866.44,13550.47,6156.42,7394.05,10061.79,4166.67,0.0,0.0,7812.0,5986.84,0.0,781.2,582.95,0.0,7812.0,5986.84,0.7663644731713791,1,180561.09,165840.62,0,0.0,0.0,0.0,0.0,0.0,0.0,-14720.46,2221670.76,1289152.35
12,5,3,12481.69218167716,630139.23,20181.0,4036.2,1614.48,3120.42,1575.35,866.44,13550.47,6191.56,7358.91,10582.59,4166.67,0.0,0.0,8072.4,5996.82,0.0,807.24,583.68,0.0,8072.4,5996.82,0.7428791102838692,1,182847.05,167710.89,0,0.0,0.0,0.0,0.0,0.0,0.0,-15136.16,2227150.0,1282960.79
12,6,3,12481.69218167716,630139.23,19530.0,3906.0,1562.4,3120.42,1575.35,866.44,13550.47,6226.9,7323.57,10061.79,4166.67,0.0,0.0,7812.0,6006.81,0.0,781.2,584.41,0.0,7812.0,6006.81,0.768921150205487,1,185141.75,169121.17,0,0.0,0.0,0.0,0.0,0.0,0.0,-16020.58,2232642.76,1276733.89
12,7,3,12481.69218167716,630139.23,20181.0,4036.2,1614.48,3120.42,1575.35,866.44,13550.47,6262.45,7288.02,10582.59,4166.67,0.0,0.0,8072.4,6016.82,0.0,807.24,585.14,0.0,8072.4,6016.82,0.7453574375378996,1,187445.22,171008.95,0,0.0,0.0,0.0,0.0,0.0,0.0,-16436.28,2238149.05,1270471.44
12,8,3,12481.69218167716,630139.23,20181.0,4036.2,1614.48,3120.42,1575.35,866.44,13550.47,6298.2,7252.27,10582.59,4166.67,0.0,0.0,8072.4,6026.85,0.0,807.24,585.87,0.0,8072.4,6026.85,0.7465996999337962,1,189757.51,172905.54,0,0.0,0.0,0.0,0.0,0.0,0.0,-16851.97,2243668.93,1264173.24
12,9,3,12481.69218167716,630139.23,19530.0,3906.0,1562.4,3120.42,1575.35,866.44,13550.47,6334.15,7216.32,10061.79,4166.67,0.0,0.0,7812.0,6036.9,0.0,781.2,586.61,0.0,7812.0,6036.9,0.7727721671925863,1,192078.66,174342.27,0,0.0,0.0,0.0,0.0,0.0,0.0,-17736.39,2249202.43,1257839.09
12,10,3,12481.69218167716,630139.23,20181.0,4036.2,1614.48,3120.42,1575.35,866.44,13550.47,6370.31,7180.16,10582.59,4166.67,0.0,0.0,8072.4,6046.96,0.0,807.24,587.34,0.0,8072.4,6046.96,0.7490904394882976,1,194408.7,176256.61,0,0.0,0.0,0.0,0.0,0.0,0.0,-18152.09,2254749.57,1251468.79
12,11,3,12481.69218167716,630139.23,19530.0,3906.0,1562.4,3120.42,1575.35,866.44,13550.47,6406.67,7143.8,10061.79,4166.67,0.0,0.0,7812.0,6057.04,0.0,781.2,588.07,0.0,7812.0,6057.04,0.775350221005915,1,196747.67,177711.17,0,0.0,0.0,0.0,0.0,0.0,0.0,-19036.5,2260310.39,1245062.12
12,12,3,12481.69218167716,630139.23,20181.0,4036.2,1614.48,3120.42,1575.35,866.44,13550.47,6443.24,7107.23,10582.59,4166.67,0.0,0.0,8072.4,6067.13,0.0,807.24,588.81,0.0,8072.4,6067.13,0.7515894884267016,1,199095.62,179643.42,0,0.0,0.0,0.0,0.0,0.0,0.0,-19452.2,2265884.92,1238618.87
13,1,3,12856.142947127475,630139.23,20181.0,4036.2,1614.48,3214.04,1575.35,866.44,13550.47,6480.02,7070.45,10488.97,4166.67,0.0,0.0,8072.4,6077.24,0.0,807.24,589.54,0.0,8072.4,6077.24,0.7528421375740795,1,201452.58,181491.07,0,0.0,0.0,0.0,0.0,0.0,0.0,-19961.51,2271473.21,1232138.85
13,2,3,12856.142947127475,630139.23,18228.0,3645.6,1458.24,3214.04,1575.35,866.44,13550.47,6517.01,7033.46,8926.57,4166.67,0.0,0.0,7291.2,6087.37,0.0,729.12,590.28,0.0,7291.2,6087.37,0.8348929681632544,1,207677.34,185800.36,0,0.0,0.0,0.0,0.0,0.0,0.0,-21876.98,2277075.27,1225621.84
13,3,3,12856.142947127475,630139.23,20181.0,4036.2,1614.48,3214.04,1575.35,866.44,13550.47,6554.21,6996.26,10488.97,4166.67,0.0,0.0,8072.4,6097.52,0.0,807.24,591.02,0.0,8072.4,6097.52,0.7553537025941531,1,214040.61,191654.32,0,0.0,0.0,0.0,0.0,0.0,0.0,-22386.29,2282691.15,1219067.63
13,4,3,12856.142947127475,630139.23,19530.0,3906.0,1562.4,3214.04,1575.35,866.44,13550.47,6591.63,6958.84,9968.17,4166.67,0.0,0.0,7812.0,6107.68,0.0,781.2,591.76,0.0,7812.0,6107.68,0.7818330462795369,1,220435.37,197071.05,0,0.0,0.0,0.0,0.0,0.0,0.0,-23364.32,2288320.89,1212476.0
13,5,3,12856.142947127475,630139.23,20181.0,4036.2,1614.48,3214.04,1575.35,866.44,13550.47,6629.25,6921.22,10488.97,4166.67,0.0,0.0,8072.4,6117.86,0.0,807.24,592.5,0.0,8072.4,6117.86,0.7578736464741964,1,226861.8,202988.17,0,0.0,0.0,0.0,0.0,0.0,0.0,-23873.63,2293964.5,1205846.75
13,6,3,12856.142947127475,630139.23,19530.0,3906.0,1562.4,3214.04,1575.35,866.44,13550.47,6667.1,6883.38,9968.17,4166.67,0.0,0.0,7812.0,6128.06,0.0,781.2,593.24,0.0,7812.0,6128.06,0.784441328192264,1,233320.05,208468.39,0,0.0,0.0,0.0,0.0,0.0,0.0,-24851.66,2299622.04,1199179.65
13,7,3,12856.142947127475,630139.23,20181.0,4036.2,1614.48,3214.04,1575.35,866.44,13550.47,6705.15,6845.32,10488.97,4166.67,0.0,0.0,8072.4,6138.27,0.0,807.24,593.98,0.0,8072.4,6138.27,0.7604019971670173,1,239810.31,214449.34,0,0.0,0.0,0.0,0.0,0.0,0.0,-25360.97,2305293.53,1192474.5
13,8,3,12856.142947127475,630139.23,20181.0,4036.2,1614.48,3214.04,1575.35,866.44,13550.47,6743.43,6807.04,10488.97,4166.67,0.0,0.0,8072.4,6148.5,0.0,807.24,594.72,0.0,8072.4,6148.5,0.7616693338289623,1,246332.74,220462.46,0,0.0,0.0,0.0,0.0,0.0,0.0,-25870.28,2310979.0,1185731.07
13,9,3,12856.142947127475,630139.23,19530.0,3906.0,1562.4,3214.04,1575.35,866.44,13550.47,6781.92,6768.55,9968.17,4166.67,0.0,0.0,7812.0,6158.75,0.0,781.2,595.47,0.0,7812.0,6158.75,0.7883700754759664,1,252887.5,226039.2,0,0.0,0.0,0.0,0.0,0.0,0.0,-26848.31,2316678.5,1178949.15
13,10,3,12856.142947127475,630139.23,20181.0,4036.2,1614.48,3214.04,1575.35,866.44,13550.47,6820.64,6729.83,10488.97,4166.67,0.0,0.0,8072.4,6169.01,0.0,807.24,596.21,0.0,8072.4,6169.01,0.7642103473565417,1,259474.79,232117.17,0,0.0,0.0,0.0,0.0,0.0,0.0,-27357.62,2322392.05,1172128.51
13,11,3,12856.142947127475,630139.23,19530.0,3906.0,1562.4,3214.04,1575.35,866.44,13550.47,6859.57,6690.9,9968.17,4166.67,0.0,0.0,7812.0,6179.29,0.0,781.2,596.95,0.0,7812.0,6179.29,0.7910001656444293,1,266094.76,237759.12,0,0.0,0.0,0.0,0.0,0.0,0.0,-28335.65,2328119.7,1165268.94
13,12,3,12856.142947127475,630139.23,20181.0,4036.2,1614.48,3214.04,1575.35,866.44,13550.47,6898.73,6651.74,10488.97,4166.67,0.0,0.0,8072.4,6189.59,0.0,807.24,597.7,0.0,8072.4,6189.59,0.7667598379875841,1,272747.6,243902.64,0,0.0,0.0,0.0,0.0,0.0,0.0,-28844.96,2333861.47,1158370.21
14,1,3,13241.8272355413,630139.23,20181.0,4036.2,1614.48,3310.46,1575.35,866.44,13550.47,6938.11,6612.36,10392.55,4166.67,0.0,0.0,8072.4,6199.91,0.0,807.24,598.45,0.0,8072.4,6199.91,0.7680377710508968,1,279433.47,249982.78,0,0.0,0.0,0.0,0.0,0.0,0.0,-29450.69,2339617.4,1151432.1
14,2,3,13241.8272355413,630139.23,18228.0,3645.6,1458.24,3310.46,1575.35,866.44,13550.47,6977.71,6572.76,8830.15,4166.67,0.0,0.0,7291.2,6210.24,0.0,729.12,599.2,0.0,7291.2,6210.24,0.8517447447886461,1,286152.56,254689.98,0,0.0,0.0,0.0,0.0,0.0,0.0,-31462.58,2345387.53,1144454.39
14,3,3,13241.8272355413,630139.23,20181.0,4036.2,1614.48,3310.46,1575.35,866.44,13550.47,7017.54,6532.93,10392.55,4166.67,0.0,0.0,8072.4,6220.59,0.0,807.24,599.95,0.0,8072.4,6220.59,0.7706000303926527,1,292905.04,260836.73,0,0.0,0.0,0.0,0.0,0.0,0.0,-32068.31,2351171.89,1137436.85
14,4,3,13241.8272355413,630139.23,19530.0,3906.0,1562.4,3310.46,1575.35,866.44,13550.47,7057.6,6492.87,9871.75,4166.67,0.0,0.0,7812.0,6230.96,0.0,781.2,600.69,0.0,7812.0,6230.96,0.797613842569195,1,299691.09,266548.33,0,0.0,0.0,0.0,0.0,0.0,0.0,-33142.76,2356970.51,1130379.24
14,5,3,13241.8272355413,630139.23,20181.0,4036.2,1614.48,3310.46,1575.35,866.44,13550.47,7097.89,6452.58,10392.55,4166.67,0.0,0.0,8072.4,6241.34,0.0,807.24,601.45,0.0,8072.4,6241.34,0.7731708377162682,1,306510.89,272762.4,0,0.0,0.0,0.0,0.0,0.0,0.0,-33748.49,2362783.44,1123281.35
14,6,3,13241.8272355413,630139.23,19530.0,3906.0,1562.4,3310.46,1575.35,866.44,13550.47,7138.41,6412.06,9871.75,4166.67,0.0,0.0,7812.0,6251.75,0.0,781.2,602.2,0.0,7812.0,6251.75,0.8002747709717661,1,313364.62,278541.68,0,0.0,0.0,0.0,0.0,0.0,0.0,-34822.94,2368610.7,1116142.95
14,7,3,13241.8272355413,630139.23,20181.0,4036.2,1614.48,3310.46,1575.35,866.44,13550.47,7179.16,6371.32,10392.55,4166.67,0.0,0.0,8072.4,6262.17,0.0,807.24,602.95,0.0,8072.4,6262.17,0.7757502215387605,1,320252.47,284823.8,0,0.0,0.0,0.0,0.0,0.0,0.0,-35428.67,2374452.33,1108963.79
14,8,3,13241.8272355413,630139.23,20181.0,4036.2,1614.48,3310.46,1575.35,866.44,13550.47,7220.14,6330.33,10392.55,4166.67,0.0,0.0,8072.4,6272.6,0.0,807.24,603.7,0.0,8072.4,6272.6,0.7770431385746586,1,327174.6,291140.2,0,0.0,0.0,0.0,0.0,0.0,0.0,-36034.4,2380308.37,1101743.66
14,9,3,13241.8272355413,630139.23,19530.0,3906.0,1562.4,3310.46,1575.35,866.44,13550.47,7261.35,6289.12,9871.75,4166.67,0.0,0.0,7812.0,6283.06,0.0,781.2,604.46,0.0,7812.0,6283.06,0.8042828174880257,1,334131.22,297022.37,0,0.0,0.0,0.0,0.0,0.0,0.0,-37108.85,2386178.85,1094482.31
14,10,3,13241.8272355413,630139.23,20181.0,4036.2,1614.48,3310.46,1575.35,866.44,13550.47,7302.8,6247.67,10392.55,4166.67,0.0,0.0,8072.4,6293.53,0.0,807.24,605.21,0.0,8072.4,6293.53,0.7796354408230702,1,341122.49,303407.91,0,0.0,0.0,0.0,0.0,0.0,0.0,-37714.58,2392063.82,1087179.5
14,11,3,13241.8272355413,630139.23,19530.0,3906.0,1562.4,3310.46,1575.35,866.44,13550.47,7344.49,6205.98,9871.75,4166.67,0.0,0.0,7812.0,6304.02,0.0,781.2,605.97,0.0,7812.0,6304.02,0.8069659943319233,1,348148.62,309359.58,0,0.0,0.0,0.0,0.0,0.0,0.0,-38789.03,2397963.29,1079835.02
14,12,3,13241.8272355413,630139.23,20181.0,4036.2,1614.48,3310.46,1575.35,866.44,13550.47,7386.41,6164.06,10392.55,4166.67,0.0,0.0,8072.4,6314.53,0.0,807.24,606.73,0.0,8072.4,6314.53,0.7822363912798161,1,355209.77,315815.01,0,0.0,0.0,0.0,0.0,0.0,0.0,-39394.76,2403877.31,1072448.6
15,1,3,13639.082052607539,630139.23,20181.0,4036.2,1614.48,3409.77,1575.35,866.44,13550.47,7428.58,6121.89,10293.24,4166.67,0.0,0.0,8072.4,6325.05,0.0,807.24,607.49,0.0,8072.4,6325.05,0.7835401185986159,1,362306.15,322206.34,0,0.0,0.0,0.0,0.0,0.0,0.0,-40099.81,2409805.92,1065020.03
15,2,3,13639.082052607539,630139.23,18228.0,3645.6,1458.24,3409.77,1575.35,866.44,13550.47,7470.98,6079.49,8730.84,4166.67,0.0,0.0,7291.2,6335.59,0.0,729.12,608.25,0.0,7291.2,6335.59,0.8689366636673101,1,369437.94,327226.93,0,0.0,0.0,0.0,0.0,0.0,0.0,-42211.01,2415749.16,1057549.05
15,3,3,13639.082052607539,630139.23,20181.0,4036.2,1614.48,3409.77,1575.35,866.44,13550.47,7513.63,6036.84,10293.24,4166.67,0.0,0.0,8072.4,6346.15,0.0,807.24,609.01,0.0,8072.4,6346.15,0.7861540954942742,1,376605.33,333689.27,0,0.0,0.0,0.0,0.0,0.0,0.0,-42916.06,2421707.05,1050035.42
15,4,3,13639.082052607539,630139.23,19530.0,3906.0,1562.4,3409.77,1575.35,866.44,13550.47,7556.52,5993.95,9772.44,4166.67,0.0,0.0,7812.0,6356.73,0.0,781.2,609.77,0.0,7812.0,6356.73,0.8137131640641011,1,383808.5,339718.68,0,0.0,0.0,0.0,0.0,0.0,0.0,-44089.82,2427679.63,1042478.9
15,5,3,13639.082052607539,630139.23,20181.0,4036.2,1614.48,3409.77,1575.35,866.44,13550.47,7599.65,5950.82,10293.24,4166.67,0.0,0.0,8072.4,6367.32,0.0,807.24,610.53,0.0,8072.4,6367.32,0.7887767929072982,1,391047.66,346252.79,0,0.0,0.0,0.0,0.0,0.0,0.0,-44794.87,2433666.94,1034879.24
15,6,3,13639.082052607539,630139.23,19530.0,3906.0,1562.4,3409.77,1575.35,866.44,13550.47,7643.04,5907.44,9772.44,4166.67,0.0,0.0,7812.0,6377.93,0.0,781.2,611.29,0.0,7812.0,6377.93,0.8164278015919928,1,398322.99,352354.36,0,0.0,0.0,0.0,0.0,0.0,0.0,-45968.63,2439669.02,1027236.21
15,7,3,13639.082052607539,630139.23,20181.0,4036.2,1614.48,3409.77,1575.35,866.44,13550.47,7686.66,5863.81,10293.24,4166.67,0.0,0.0,8072.4,6388.56,0.0,807.24,612.06,0.0,8072.4,6388.56,0.7914082399303028,1,405634.69,358961.02,0,0.0,0.0,0.0,0.0,0.0,0.0,-46673.67,2445685.9,1019549.54
15,8,3,13639.082052607539,630139.23,20181.0,4036.2,1614.48,3409.77,1575.35,866.44,13550.47,7730.54,5819.93,10293.24,4166.67,0.0,0.0,8072.4,6399.21,0.0,807.24,612.82,0.0,8072.4,6399.21,0.7927272536635201,1,412982.95,365604.23,0,0.0,0.0,0.0,0.0,0.0,0.0,-47378.72,2451717.62,1011819.0
15,9,3,13639.082052607539,630139.23,19530.0,3906.0,1562.4,3409.77,1575.35,866.44,13550.47,7774.67,5775.8,9772.44,4166.67,0.0,0.0,7812.0,6409.88,0.0,781.2,613.59,0.0,7812.0,6409.88,0.8205167479447245,1,420367.97,371815.49,0,0.0,0.0,0.0,0.0,0.0,0.0,-48552.48,2457764.22,1004044.33
15,10,3,13639.082052607539,630139.23,20181.0,4036.2,1614.48,3409.77,1575.35,866.44,13550.47,7819.05,5731.42,10293.24,4166.67,0.0,0.0,8072.4,6420.56,0.0,807.24,614.36,0.0,8072.4,6420.56,0.7953718798625476,1,427789.95,378532.42,0,0.0,0.0,0.0,0.0,0.0,0.0,-49257.53,2463825.73,996225.28
15,11,3,13639.082052607539,630139.23,19530.0,3906.0,1562.4,3409.77,1575.35,866.44,13550.47,7863.69,5686.79,9772.44,4166.67,0.0,0.0,7812.0,6431.26,0.0,781.2,615.12,0.0,7812.0,6431.26,0.8232540829843957,1,435249.08,384817.79,0,0.0,0.0,0.0,0.0,0.0,0.0,-50431.29,2469902.19,988361.59
15,12,3,13639.082052607539,630139.23,20181.0,4036.2,1614.48,3409.77,1575.35,866.44,13550.47,7908.57,5641.9,10293.24,4166.67,0.0,0.0,8072.4,6441.98,0.0,807.24,615.89,0.0,8072.4,6441.98,0.7980253288284225,1,442745.56,391609.23,0,0.0,0.0,0.0,0.0,0.0,0.0,-51136.34,2475993.63,980453.02
16,1,3,14048.254514185764,630139.23,20181.0,4036.2,1614.48,3512.06,1575.35,866.44,13550.47,7953.72,5596.75,10190.95,4166.67,0.0,0.0,8072.4,6452.72,0.0,807.24,616.66,0.0,8072.4,6452.72,0.7993553710431366,1,450279.6,398335.93,0,0.0,0.0,0.0,0.0,0.0,0.0,-51943.67,2482100.1,972499.3
16,2,3,14048.254514185764,630139.23,18228.0,3645.6,1458.24,3512.06,1575.35,866.44,13550.47,7999.12,5551.35,8628.55,4166.67,0.0,0.0,7291.2,6463.47,0.0,729.12,617.43,0.0,7291.2,6463.47,0.8864755903514688,1,457851.39,403694.22,0,0.0,0.0,0.0,0.0,0.0,0.0,-54157.17,2488221.63,964500.18
16,3,3,14048.254514185764,630139.23,20181.0,4036.2,1614.48,3512.06,1575.35,866.44,13550.47,8044.78,5505.69,10190.95,4166.67,0.0,0.0,8072.4,6474.24,0.0,807.24,618.2,0.0,8072.4,6474.24,0.8020221093782,1,465461.14,410496.63,0,0.0,0.0,0.0,0.0,0.0,0.0,-54964.51,2494358.26,956455.4
16,4,3,14048.254514185764,630139.23,19530.0,3906.0,1562.4,3512.06,1575.35,866.44,13550.47,8090.7,5459.77,9670.15,4166.67,0.0,0.0,7812.0,6485.03,0.0,781.2,618.98,0.0,7812.0,6485.03,0.8301374399902912,1,473109.05,416868.49,0,0.0,0.0,0.0,0.0,0.0,0.0,-56240.57,2500510.02,948364.69
16,5,3,14048.254514185764,630139.23,20181.0,4036.2,1614.48,3512.06,1575.35,866.44,13550.47,8136.89,5413.58,10190.95,4166.67,0.0,0.0,8072.4,6495.84,0.0,807.24,619.75,0.0,8072.4,6495.84,0.8046977442486535,1,480795.33,423747.43,0,0.0,0.0,0.0,0.0,0.0,0.0,-57047.9,2506676.95,940227.81
16,6,3,14048.254514185764,630139.23,19530.0,3906.0,1562.4,3512.06,1575.35,866.44,13550.47,8183.34,5367.13,9670.15,4166.67,0.0,0.0,7812.0,6506.67,0.0,781.2,620.53,0.0,7812.0,6506.67,0.8329068707275923,1,488520.18,430196.22,0,0.0,0.0,0.0,0.0,0.0,0.0,-58323.96,2512859.09,932044.47
16,7,3,14048.254514185764,630139.23,20181.0,4036.2,1614.48,3512.06,1575.35,866.44,13550.47,8230.05,5320.42,10190.95,4166.67,0.0,0.0,8072.4,6517.51,0.0,807.24,621.3,0.0,8072.4,6517.51,0.8073823053343274,1,496283.81,437152.51,0,0.0,0.0,0.0,0.0,0.0,0.0,-59131.3,2519056.48,923814.42
16,8,3,14048.254514185764,630139.23,20181.0,4036.2,1614.48,3512.06,1575.35,866.44,13550.47,8277.03,5273.44,10190.95,4166.67,0.0,0.0,8072.4,6528.38,0.0,807.24,622.08,0.0,8072.4,6528.38,0.8087279425098847,1,504086.42,444147.78,0,0.0,0.0,0.0,0.0,0.0,0.0,-59938.64,2525269.15,915537.39
16,9,3,14048.254514185764,630139.23,19530.0,3906.0,1562.4,3512.06,1575.35,866.44,13550.47,8324.28,5226.19,9670.15,4166.67,0.0,0.0,7812.0,6539.26,0.0,781.2,622.86,0.0,7812.0,6539.26,0.83707834982787,1,511928.23,450713.54,0,0.0,0.0,0.0,0.0,0.0,0.0,-61214.69,2531497.15,907213.11
16,10,3,14048.254514185764,630139.23,20181.0,4036.2,1614.48,3512.06,1575.35,866.44,13550.47,8371.8,5178.67,10190.95,4166.67,0.0,0.0,8072.4,6550.15,0.0,807.24,623.63,0.0,8072.4,6550.15,0.811425948784758,1,519809.45,457787.42,0,0.0,0.0,0.0,0.0,0.0,0.0,-62022.03,2537740.5,898841.31
16,11,3,14048.254514185764,630139.23,19530.0,3906.0,1562.4,3512.06,1575.35,866.44,13550.47,8419.59,5130.89,9670.15,4166.67,0.0,0.0,7812.0,6561.07,0.0,781.2,624.41,0.0,7812.0,6561.07,0.8398709362116014,1,527730.29,464432.2,0,0.0,0.0,0.0,0.0,0.0,0.0,-63298.09,2543999.25,890421.73
16,12,3,14048.254514185764,630139.23,20181.0,4036.2,1614.48,3512.06,1575.35,866.44,13550.47,8467.65,5082.82,10190.95,4166.67,0.0,0.0,8072.4,6572.01,0.0,807.24,625.19,0.0,8072.4,6572.01,0.8141329559083428,1,535690.96,471585.53,0,0.0,0.0,0.0,0.0,0.0,0.0,-64105.43,2550273.44,881954.08
17,1,3,14469.702149611338,630139.23,20181.0,4036.2,1614.48,3617.43,1575.35,866.44,13550.47,8515.98,5034.49,10085.58,4166.67,0.0,0.0,8072.4,6582.96,0.0,807.24,625.98,0.0,8072.4,6582.96,0.8154898441681899,1,543691.67,478673.55,0,0.0,0.0,0.0,0.0,0.0,0.0,-65018.13,2556563.11,873438.1
17,2,3,14469.702149611338,630139.23,18228.0,3645.6,1458.24,3617.43,1575.35,866.44,13550.47,8564.6,4985.88,8523.18,4166.67,0.0,0.0,7291.2,6593.93,0.0,729.12,626.76,0.0,7291.2,6593.93,0.904368528970092,1,551732.65,484395.66,0,0.0,0.0,0.0,0.0,0.0,0.0,-67336.98,2562868.28,864873.5
17,3,3,14469.702149611338,630139.23,20181.0,4036.2,1614.48,3617.43,1575.35,866.44,13550.47,8613.48,4936.99,10085.58,4166.67,0.0,0.0,8072.4,6604.92,0.0,807.24,627.54,0.0,8072.4,6604.92,0.8182104088983178,1,559814.1,491564.42,0,0.0,0.0,0.0,0.0,0.0,0.0,-68249.68,2569189.0,856260.02
17,4,3,14469.702149611338,630139.23,19530.0,3906.0,1562.4,3617.43,1575.35,866.44,13550.47,8662.65,4887.82,9564.78,4166.67,0.0,0.0,7812.0,6615.93,0.0,781.2,628.33,0.0,7812.0,6615.93,0.8468932293435865,1,567936.25,498305.15,0,0.0,0.0,0.0,0.0,0.0,0.0,-69631.1,2575525.32,847597.36
17,5,3,14469.702149611338,630139.23,20181.0,4036.2,1614.48,3617.43,1575.35,866.44,13550.47,8712.1,4838.37,10085.58,4166.67,0.0,0.0,8072.4,6626.96,0.0,807.24,629.11,0.0,8072.4,6626.96,0.8209400497346703,1,576099.32,505555.51,0,0.0,0.0,0.0,0.0,0.0,0.0,-70543.8,2581877.26,838885.26
17,6,3,14469.702149611338,630139.23,19530.0,3906.0,1562.4,3617.43,1575.35,866.44,13550.47,8761.83,4788.64,9564.78,4166.67,0.0,0.0,7812.0,6638.0,0.0,781.2,629.9,0.0,7812.0,6638.0,0.8497185592559244,1,584303.52,512378.29,0,0.0,0.0,0.0,0.0,0.0,0.0,-71925.22,2588244.86,830123.43
17,7,3,14469.702149611338,630139.23,20181.0,4036.2,1614.48,3617.43,1575.35,866.44,13550.47,8811.85,4738.62,10085.58,4166.67,0.0,0.0,8072.4,6649.06,0.0,807.24,630.69,0.0,8072.4,6649.06,0.8236787969561463,1,592549.07,519711.15,0,0.0,0.0,0.0,0.0,0.0,0.0,-72837.92,2594628.17,821311.58
17,8,3,14469.702149611338,630139.23,20181.0,4036.2,1614.48,3617.43,1575.35,866.44,13550.47,8862.15,4688.32,10085.58,4166.67,0.0,0.0,8072.4,6660.15,0.0,807.24,631.47,0.0,8072.4,6660.15,0.8250515949510733,1,600836.2,527085.58,0,0.0,0.0,0.0,0.0,0.0,0.0,-73750.62,2601027.23,812449.43
17,9,3,14469.702149611338,630139.23,19530.0,3906.0,1562.4,3617.43,1575.35,866.44,13550.47,8912.74,4637.73,9564.78,4166.67,0.0,0.0,7812.0,6671.25,0.0,781.2,632.26,0.0,7812.0,6671.25,0.8539742369740804,1,609165.14,534033.1,0,0.0,0.0,0.0,0.0,0.0,0.0,-75132.04,2607442.06,803536.69
17,10,3,14469.702149611338,630139.23,20181.0,4036.2,1614.48,3617.43,1575.35,866.44,13550.47,8963.62,4586.86,10085.58,4166.67,0.0,0.0,8072.4,6682.37,0.0,807.24,633.05,0.0,8072.4,6682.37,0.8278040587442297,1,617536.1,541491.36,0,0.0,0.0,0.0,0.0,0.0,0.0,-76044.74,2613872.72,794573.07
17,11,3,14469.702149611338,630139.23,19530.0,3906.0,1562.4,3617.43,1575.35,866.44,13550.47,9014.78,4535.69,9564.78,4166.67,0.0,0.0,7812.0,6693.5,0.0,781.2,633.84,0.0,7812.0,6693.5,0.8568231899146523,1,625949.32,548523.16,0,0.0,0.0,0.0,0.0,0.0,0.0,-77426.16,2620319.23,785558.29
17,12,3,14469.702149611338,630139.23,20181.0,4036.2,1614.48,3617.43,1575.35,866.44,13550.47,9066.24,4484.23,10085.58,4166.67,0.0,0.0,8072.4,6704.66,0.0,807.24,634.64,0.0,8072.4,6704.66,0.8305657050624292,1,634405.01,556066.15,0,0.0,0.0,0.0,0.0,0.0,0.0,-78338.86,2626781.65,776492.05
18,1,3,14903.793214099678,630139.23,20181.0,4036.2,1614.48,3725.95,1575.35,866.44,13550.47,9118.0,4432.48,9977.06,4166.67,0.0,0.0,8072.4,6715.83,0.0,807.24,635.43,0.0,8072.4,6715.83,0.8319499812375334,1,642903.42,563543.34,0,0.0,0.0,0.0,0.0,0.0,0.0,-79360.08,2633260.0,767374.05
18,2,3,14903.793214099678,630139.23,18228.0,3645.6,1458.24,3725.95,1575.35,866.44,13550.47,9170.04,4380.43,8414.66,4166.67,0.0,0.0,7291.2,6727.03,0.0,729.12,636.22,0.0,7291.2,6727.03,0.9226226250259811,1,651444.77,569657.3,0,0.0,0.0,0.0,0.0,0.0,0.0,-81787.46,2639754.33,758204.01
18,3,3,14903.793214099678,630139.23,20181.0,4036.2,1614.48,3725.95,1575.35,866.44,13550.47,9222.39,4328.08,9977.06,4166.67,0.0,0.0,8072.4,6738.24,0.0,807.24,637.02,0.0,8072.4,6738.24,0.8347254588138286,1,660029.28,577220.6,0,0.0,0.0,0.0,0.0,0.0,0.0,-82808.69,2646264.67,748981.62
18,4,3,14903.793214099678,630139.23,19530.0,3906.0,1562.4,3725.95,1575.35,866.44,13550.47,9275.03,4275.44,9456.26,4166.67,0.0,0.0,7812.0,6749.47,0.0,781.2,637.82,0.0,7812.0,6749.47,0.8639872235089133,1,668657.21,584358.58,0,0.0,0.0,0.0,0.0,0.0,0.0,-84298.63,2652791.08,739706.58
18,5,3,14903.793214099678,630139.23,20181.0,4036.2,1614.48,3725.95,1575.35,866.44,13550.47,9327.98,4222.49,9977.06,4166.67,0.0,0.0,8072.4,6760.72,0.0,807.24,638.61,0.0,8072.4,6760.72,0.8375101956917049,1,677328.77,592008.92,0,0.0,0.0,0.0,0.0,0.0,0.0,-85319.85,2659333.58,730378.6
18,6,3,14903.793214099678,630139.23,19530.0,3906.0,1562.4,3725.95,1575.35,866.44,13550.47,9381.23,4169.24,9456.26,4166.67,0.0,0.0,7812.0,6771.99,0.0,781.2,639.41,0.0,7812.0,6771.99,0.8668695808851196,1,686044.2,599234.41,0,0.0,0.0,0.0,0.0,0.0,0.0,-86809.79,2665892.21,720997.38
18,7,3,14903.793214099678,630139.23,20181.0,4036.2,1614.48,3725.95,1575.35,866.44,13550.47,9434.78,4115.69,9977.06,4166.67,0.0,0.0,8072.4,6783.27,0.0,807.24,640.21,0.0,8072.4,6783.27,0.8403042227612209,1,694803.74,606972.73,0,0.0,0.0,0.0,0.0,0.0,0.0,-87831.01,2672467.02,711562.6
18,8,3,14903.793214099678,630139.23,20181.0,4036.2,1614.48,3725.95,1575.35,866.44,13550.47,9488.63,4061.84,9977.06,4166.67,0.0,0.0,8072.4,6794.58,0.0,807.24,641.01,0.0,8072.4,6794.58,0.8417047297991562,1,703607.63,614755.4,0,0.0,0.0,0.0,0.0,0.0,0.0,-88852.24,2679058.04,702073.96
18,9,3,14903.793214099678,630139.23,19530.0,3906.0,1562.4,3725.95,1575.35,866.44,13550.47,9542.8,4007.67,9456.26,4166.67,0.0,0.0,7812.0,6805.9,0.0,781.2,641.81,0.0,7812.0,6805.9,0.8712111567160044,1,712456.11,622113.93,0,0.0,0.0,0.0,0.0,0.0,0.0,-90342.18,2685665.32,692531.16
18,10,3,14903.793214099678,630139.23,20181.0,4036.2,1614.48,3725.95,1575.35,866.44,6193.57,2240.37,3953.2,9977.06,4166.67,0.0,0.0,8072.4,6817.24,0.0,807.24,642.61,0.0,8072.4,6817.24,0.8445127503005141,1,714213.22,630206.72,0,0.0,0.0,0.0,0.0,0.0,0.0,-84006.5,2692288.9,690290.8
18,11,3,14903.793214099678,630139.23,19530.0,3906.0,1562.4,3725.95,1575.35,866.44,6193.57,2253.16,3940.41,9456.26,4166.67,0.0,0.0,7812.0,6828.61,0.0,781.2,643.42,0.0,7812.0,6828.61,0.8741176139360486,1,715974.66,637835.12,0,0.0,0.0,0.0,0.0,0.0,0.0,-78139.54,2698928.81,688037.64
18,12,3,14903.793214099678,630139.23,20181.0,4036.2,1614.48,3725.95,1575.35,866.44,6193.57,2266.02,3927.55,9977.06,4166.67,0.0,0.0,8072.4,6839.99,0.0,807.24,644.22,0.0,8072.4,6839.99,0.8473301386702666,1,717740.45,645936.59,0,0.0,0.0,0.0,0.0,0.0,0.0,-71803.86,2705585.1,685771.62
19,1,3,15350.90701052267,630139.23,20181.0,4036.2,1614.48,3837.73,1575.35,866.44,6193.57,2278.96,3914.61,9865.28,4166.67,0.0,0.0,8072.4,6851.39,0.0,807.24,645.03,0.0,8072.4,6851.39,0.8487423555680504,1,719510.59,653930.64,0,0.0,0.0,0.0,0.0,0.0,0.0,-65579.95,2712257.8,683492.66
19,2,3,15350.90701052267,630139.23,18228.0,3645.6,1458.24,3837.73,1575.35,866.44,6193.57,2291.96,3901.6,8302.88,4166.67,0.0,0.0,7291.2,6862.81,0.0,729.12,645.83,0.0,7291.2,6862.81,0.9412451682493063,1,721285.1,660522.89,0,0.0,0.0,0.0,0.0,0.0,0.0,-60762.21,2718946.96,681200.7
19,3,3,15350.90701052267,630139.23,20181.0,4036.2,1614.48,3837.73,1575.35,866.44,6193.57,2305.05,3888.52,9865.28,4166.67,0.0,0.0,8072.4,6874.24,0.0,807.24,646.64,0.0,8072.4,6874.24,0.8515738543709317,1,723063.98,668525.67,0,0.0,0.0,0.0,0.0,0.0,0.0,-54538.31,2725652.61,678895.65
19,4,3,15350.90701052267,630139.23,19530.0,3906.0,1562.4,3837.73,1575.35,866.44,6193.57,2318.21,3875.36,9344.48,4166.67,0.0,0.0,7812.0,6885.7,0.0,781.2,647.45,0.0,7812.0,6885.7,0.8814262489324903,1,724847.25,676064.12,0,0.0,0.0,0.0,0.0,0.0,0.0,-48783.13,2732374.81,676577.45
19,5,3,15350.90701052267,630139.23,20181.0,4036.2,1614.48,3837.73,1575.35,866.44,6193.57,2331.44,3862.13,9865.28,4166.67,0.0,0.0,8072.4,6897.18,0.0,807.24,648.26,0.0,8072.4,6897.18,0.8544147993684303,1,726634.92,684075.7,0,0.0,0.0,0.0,0.0,0.0,0.0,-42559.22,2739113.58,674246.01
19,6,3,15350.90701052267,630139.23,19530.0,3906.0,1562.4,3837.73,1575.35,866.44,6193.57,2344.75,3848.82,9344.48,4166.67,0.0,0.0,7812.0,6908.67,0.0,781.2,649.07,0.0,7812.0,6908.67,0.884366784835179,1,728427.0,691622.96,0,0.0,0.0,0.0,0.0,0.0,0.0,-36804.04,2745868.98,671901.26
19,7,3,15350.90701052267,630139.23,20181.0,4036.2,1614.48,3837.73,1575.35,866.44,6193.57,2358.13,3835.44,9865.28,4166.67,0.0,0.0,8072.4,6920.19,0.0,807.24,649.88,0.0,8072.4,6920.19,0.8572652220741012,1,730223.49,699643.36,0,0.0,0.0,0.0,0.0,0.0,0.0,-30580.14,2752641.03,669543.13
19,8,3,15350.90701052267,630139.23,20181.0,4036.2,1614.48,3837.73,1575.35,866.44,6193.57,2371.59,3821.98,9865.28,4166.67,0.0,0.0,8072.4,6931.72,0.0,807.24,650.69,0.0,8072.4,6931.72,0.8586939974442246,1,732024.42,707668.19,0,0.0,0.0,0.0,0.0,0.0,0.0,-24356.24,2759429.78,667171.54
19,9,3,15350.90701052267,630139.23,19530.0,3906.0,1562.4,3837.73,1575.35,866.44,6193.57,2385.13,3808.44,9344.48,4166.67,0.0,0.0,7812.0,6943.27,0.0,781.2,651.51,0.0,7812.0,6943.27,0.8887959925768526,1,733829.79,715228.74,0,0.0,0.0,0.0,0.0,0.0,0.0,-18601.05,2766235.28,664786.41
19,10,3,15350.90701052267,630139.23,20181.0,4036.2,1614.48,3837.73,1575.35,866.44,6193.57,2398.75,3794.82,9865.28,4166.67,0.0,0.0,8072.4,6954.85,0.0,807.24,652.32,0.0,8072.4,6954.85,0.8615586960301428,1,735639.62,723262.46,0,0.0,0.0,0.0,0.0,0.0,0.0,-12377.15,2773057.57,662387.66
19,11,3,15350.90701052267,630139.23,19530.0,3906.0,1562.4,3837.73,1575.35,866.44,6193.57,2412.44,3781.13,9344.48,4166.67,0.0,0.0,7812.0,6966.44,0.0,781.2,653.14,0.0,7812.0,6966.44,0.8917611147631994,1,737453.9,730831.93,0,0.0,0.0,0.0,0.0,0.0,0.0,-6621.97,2779896.67,659975.22
19,12,3,15350.90701052267,630139.23,20181.0,4036.2,1614.48,3837.73,1575.35,866.44,6193.57,2426.21,3767.36,9865.28,4166.67,0.0,0.0,8072.4,6978.05,0.0,807.24,653.95,0.0,8072.4,6978.05,0.8644329515688435,1,739272.66,738874.59,0,0.0,0.0,0.0,0.0,0.0,0.0,-398.07,2786752.65,657549.01
20,1,4,15811.43422083835,630139.23,20181.0,4036.2,1614.48,3952.86,1575.35,866.44,6193.57,2440.06,3753.51,9750.15,4166.67,0.0,0.0,8072.4,8072.4,1082.72,807.24,807.24,152.47,8072.4,8072.4,1.0,0,569132.43,569132.43,1,157534.81,18904.18,0.0,176438.98,171963.47,0.0,0.0,3423764.76,1304995.3
20,2,5,15811.43422083835,630139.23,24304.0,4860.8,1944.32,5270.48,2100.46,1155.26,9290.35,2852.99,6437.36,10917.0,4166.67,0.0,0.0,9721.6,9721.6,1635.75,972.16,972.16,163.91,9721.6,9721.6,1.0,0,396570.53,396570.53,1,157534.81,18904.18,0.0,176438.98,174389.64,0.0,0.0,4062347.91,1954529.87
20,3,6,15811.43422083835,630139.23,33635.0,6727.0,2690.8,6588.1,2625.58,1444.07,12387.14,3268.27,9118.86,16250.25,4166.67,0.0,0.0,13454.0,13454.0,3716.2,1345.4,1345.4,372.02,13454.0,13454.0,1.0,0,267674.9,267674.9,1,157534.81,18904.18,0.0,176438.98,175188.22,0.0,0.0,4702505.99,2604472.43
20,4,6,15811.43422083835,630139.23,39060.0,7812.0,3124.8,7905.72,3150.7,1732.88,17726.88,4897.93,12828.95,18458.7,4166.67,0.0,0.0,15624.0,15250.11,1773.69,1562.4,1347.08,0.0,15624.0,15250.11,0.9760696234518919,1,400239.55,400239.55,0,0.0,0.0,0.0,0.0,0.0,0.0,0.0,4714103.63,2599574.5
20,5,7,15811.43422083835,630139.23,40362.0,8072.4,3228.96,7905.72,3150.7,1732.88,17726.88,4925.89,12800.99,19500.3,4166.67,0.0,0.0,16144.8,16144.8,869.27,1614.48,1614.48,265.71,16144.8,16144.8,1.0,0,227218.01,227218.01,1,157534.81,18904.18,0.0,176438.98,174862.84,0.0,0.0,5355869.11,3247524.0
20,6,7,15811.43422083835,630139.23,45570.0,9114.0,3645.6,9223.34,3675.81,2021.7,20823.67,5353.01,15470.66,21535.15,4166.67,0.0,0.0,18228.0,17404.26,1232.56,1822.8,1616.5,0.0,18228.0,17404.26,0.9548092553674977,1,281229.32,281229.32,0,0.0,0.0,0.0,0.0,0.0,0.0,0.0,5369078.13,3242170.99
20,7,7,15811.43422083835,630139.23,47089.0,9417.8,3767.12,9223.34,3675.81,2021.7,20823.67,5383.57,15440.1,22750.35,4166.67,0.0,0.0,18835.6,18835.6,1402.33,1883.56,1883.56,265.04,18835.6,18835.6,1.0,0,285788.18,285788.18,0,0.0,0.0,0.0,0.0,0.0,658.86,0.0,5382319.72,3236128.56
20,8,7,15811.43422083835,630139.23,47089.0,9417.8,3767.12,9223.34,3675.81,2021.7,28180.57,9707.67,18472.9,22750.35,4166.67,0.0,0.0,18835.6,18866.99,0.0,1883.56,1885.91,0.0,18835.6,18866.99,1.0016666666666667,0,290367.58,285336.91,0,0.0,0.0,0.0,0.0,0.0,0.0,-5030.67,5395593.98,3226420.89
20,9,7,15811.43422083835,630139.23,45570.0,9114.0,3645.6,9223.34,3675.81,2021.7,28180.57,9763.08,18417.49,21535.15,4166.67,0.0,0.0,18228.0,18898.44,0.0,1822.8,1888.27,0.0,18228.0,18898.44,1.036780648148148,0,294967.62,283812.6,0,0.0,0.0,0.0,0.0,0.0,0.0,-11155.02,5408900.97,3216657.81
20,10,7,15811.43422083835,630139.23,47089.0,9417.8,3767.12,9223.34,3675.81,2021.7,28180.57,9818.81,18361.75,22750.35,4166.67,0.0,0.0,18835.6,18929.94,0.0,1883.56,1890.63,0.0,18835.6,18929.94,1.0050083379629628,0,299588.39,283402.71,0,0.0,0.0,0.0,0.0,0.0,0.0,-16185.68,5422240.78,3206838.99
20,11,7,15811.43422083835,630139.23,45570.0,9114.0,3645.6,9223.34,3675.81,2021.7,28180.57,9874.86,18305.71,21535.15,4166.67,0.0,0.0,18228.0,18961.48,0.0,1822.8,1893.0,0.0,18228.0,18961.48,1.0402394635882202,0,304230.01,281919.98,0,0.0,0.0,0.0,0.0,0.0,0.0,-22310.03,5435613.48,3196964.13
20,12,7,15811.43422083835,630139.23,47089.0,9417.8,3767.12,9223.34,3675.81,2021.7,28180.57,9931.23,18249.34,22750.35,4166.67,0.0,0.0,18835.6,18993.09,0.0,1883.56,1895.36,0.0,18835.6,18993.09,1.0083611574460005,0,308892.59,281551.89,0,0.0,0.0,0.0,0.0,0.0,0.0,-27340.7,5449019.17,3187032.9
21,1,7,16285.7772474635,630139.23,47089.0,9417.8,3767.12,9500.04,3675.81,2021.7,28180.57,9987.92,18192.65,22473.65,4166.67,0.0,0.0,18835.6,19024.74,0.0,1883.56,1897.73,0.0,18835.6,19024.74,1.0100417593750772,0,313576.22,280928.15,0,0.0,0.0,0.0,0.0,0.0,0.0,-32648.07,5462457.93,3177044.97
21,2,7,16285.7772474635,630139.23,42532.0,8506.4,3402.56,9500.04,3675.81,2021.7,28180.57,10044.94,18135.63,18828.05,4166.67,0.0,0.0,17012.8,19056.45,0.0,1701.28,1900.1,0.0,17012.8,19056.45,1.1201242868403014,0,318281.01,277044.54,0,0.0,0.0,0.0,0.0,0.0,0.0,-41236.48,5475929.82,3167000.04
21,3,7,16285.7772474635,630139.23,47089.0,9417.8,3767.12,9500.04,3675.81,2021.7,28180.57,10102.28,18078.29,22473.65,4166.67,0.0,0.0,18835.6,19088.21,0.0,1883.56,1902.48,0.0,18835.6,19088.21,1.0134113709112147,0,323007.08,276463.24,0,0.0,0.0,0.0,0.0,0.0,0.0,-46543.84,5489434.94,3156897.76
21,4,7,16285.7772474635,630139.23,45570.0,9114.0,3645.6,9500.04,3675.81,2021.7,28180.57,10159.94,18020.62,21258.45,4166.67,0.0,0.0,18228.0,19120.02,0.0,1822.8,1904.86,0.0,18228.0,19120.02,1.0489370695248246,0,327754.52,274809.63,0,0.0,0.0,0.0,0.0,0.0,0.0,-52944.89,5502973.37,3146737.81
21,5,7,16285.7772474635,630139.23,47089.0,9417.8,3767.12,9500.04,3675.81,2021.7,28180.57,10217.94,17962.63,22473.65,4166.67,0.0,0.0,18835.6,19151.89,0.0,1883.56,1907.24,0.0,18835.6,19151.89,1.016792223845838,0,332523.46,274271.2,0,0.0,0.0,0.0,0.0,0.0,0.0,-58252.26,5516545.18,3136519.87
21,6,7,16285.7772474635,630139.23,45570.0,9114.0,3645.6,9500.04,3675.81,2021.7,28180.57,10276.27,17904.3,21258.45,4166.67,0.0,0.0,18228.0,19183.81,0.0,1822.8,1909.62,0.0,18228.0,19183.81,1.0524364401373227,0,337313.98,272660.67,0,0.0,0.0,0.0,0.0,0.0,0.0,-64653.31,5530150.47,3126243.61
21,7,7,16285.7772474635,630139.23,47089.0,9417.8,3767.12,9500.04,3675.81,2021.7,28180.57,10334.93,17845.64,22473.65,4166.67,0.0,0.0,18835.6,19215.78,0.0,1883.56,1912.01,0.0,18835.6,19215.78,1.0201843556815018,0,342126.21,272165.54,0,0.0,0.0,0.0,0.0,0.0,0.0,-69960.68,5543789.32,3115908.68
21,8,7,16285.7772474635,630139.23,47089.0,9417.8,3767.12,9500.04,3675.81,2021.7,28180.57,10393.92,17786.65,22473.65,4166.67,0.0,0.0,18835.6,19247.81,0.0,1883.56,1914.4,0.0,18835.6,19247.81,1.021884662940971,0,346960.26,271692.22,0,0.0,0.0,0.0,0.0,0.0,0.0,-75268.04,5557461.8,3105514.75
21,9,7,16285.7772474635,630139.23,45570.0,9114.0,3645.6,9500.04,3675.81,2021.7,28180.57,10453.26,17727.31,21258.45,4166.67,0.0,0.0,18228.0,19279.89,0.0,1822.8,1916.79,0.0,18228.0,19279.89,1.0577073975140683,0,351816.24,270147.14,0,0.0,0.0,0.0,0.0,0.0,0.0,-81669.09,5571168.0,3095061.5
21,10,7,16285.7772474635,630139.23,47089.0,9417.8,3767.12,9500.04,3675.81,2021.7,28180.57,10512.93,17667.64,22473.65,4166.67,0.0,0.0,18835.6,19312.02,0.0,1883.56,1919.19,0.0,18835.6,19312.02,1.0252937837192824,0,356694.25,269717.79,0,0.0,0.0,0.0,0.0,0.0,0.0,-86976.46,5584908.0,3084548.57
21,11,7,16285.7772474635,630139.23,45570.0,9114.0,3645.6,9500.04,3675.81,2021.7,28180.57,10572.94,17607.63,21258.45,4166.67,0.0,0.0,18228.0,19344.21,0.0,1822.8,1921.59,0.0,18228.0,19344.21,1.0612360269152195,0,361594.4,268216.9,0,0.0,0.0,0.0,0.0,0.0,0.0,-93377.51,5598681.89,3073975.63
21,12,7,16285.7772474635,630139.23,47089.0,9417.8,3767.12,9500.04,3675.81,2021.7,28180.57,10633.29,17547.28,22473.65,4166.67,0.0,0.0,18835.6,19376.45,0.0,1883.56,1923.99,0.0,18835.6,19376.45,1.0287142777033016,0,366516.82,267831.95,0,0.0,0.0,0.0,0.0,0.0,0.0,-98684.88,5612489.75,3063342.34
22,1,7,16774.350564887405,630139.23,47089.0,9417.8,3767.12,9785.04,3675.81,2021.7,28180.57,10693.99,17486.58,22188.65,4166.67,0.0,0.0,18835.6,19408.74,0.0,1883.56,1926.39,0.0,18835.6,19408.74,1.0304288014994738,0,371461.62,267184.37,0,0.0,0.0,0.0,0.0,0.0,0.0,-104277.25,5626331.66,3052648.35
22,2,7,16774.350564887405,630139.23,42532.0,8506.4,3402.56,9785.04,3675.81,2021.7,28180.57,10755.03,17425.53,18543.05,4166.67,0.0,0.0,17012.8,19441.09,0.0,1701.28,1928.8,0.0,17012.8,19441.09,1.1427332738533746,0,376428.9,263278.25,0,0.0,0.0,0.0,0.0,0.0,0.0,-113150.65,5640207.71,3041893.32
22,3,7,16774.350564887405,630139.23,47089.0,9417.8,3767.12,9785.04,3675.81,2021.7,28180.57,10816.43,17364.14,22188.65,4166.67,0.0,0.0,18835.6,19473.49,0.0,1883.56,1931.21,0.0,18835.6,19473.49,1.033866426473365,0,381418.78,262675.76,0,0.0,0.0,0.0,0.0,0.0,0.0,-118743.02,5654117.99,3031076.89
22,4,7,16774.350564887405,630139.23,45570.0,9114.0,3645.6,9785.04,3675.81,2021.7,28180.57,10878.17,17302.4,20973.45,4166.67,0.0,0.0,18228.0,19505.95,0.0,1822.8,1933.63,0.0,18228.0,19505.95,1.0701091884236258,0,386431.38,261002.31,0,0.0,0.0,0.0,0.0,0.0,0.0,-125429.07,5668062.57,3020198.72
22,5,7,16774.350564887405,630139.23,47089.0,9417.8,3767.12,9785.04,3675.81,2021.7,28180.57,10940.27,17240.3,22188.65,4166.67,0.0,0.0,18835.6,19538.46,0.0,1883.56,1936.04,0.0,18835.6,19538.46,1.0373155197461277,0,391466.81,260445.37,0,0.0,0.0,0.0,0.0,0.0,0.0,-131021.44,5682041.54,3009258.45
22,6,7,16774.350564887405,630139.23,45570.0,9114.0,3645.6,9785.04,3675.81,2021.7,28180.57,11002.72,17177.85,20973.45,4166.67,0.0,0.0,18228.0,19571.02,0.0,1822.8,1938.46,0.0,18228.0,19571.02,1.0736791915772281,0,396525.19,258817.7,0,0.0,0.0,0.0,0.0,0.0,0.0,-137707.49,5696054.99,2998255.73
22,7,7,16774.350564887405,630139.23,47089.0,9417.8,3767.12,9785.04,3675.81,2021.7,28180.57,11065.53,17115.04,22188.65,4166.67,0.0,0.0,18835.6,19603.64,0.0,1883.56,1940.89,0.0,18835.6,19603.64,1.040776119577281,0,401606.64,258306.78,0,0.0,0.0,0.0,0.0,0.0,0.0,-143299.86,5710103.0,2987190.2
22,8,7,16774.350564887405,630139.23,47089.0,9417.8,3767.12,9785.04,3675.81,2021.7,28180.57,11128.69,17051.88,22188.65,4166.67,0.0,0.0,18835.6,19636.32,0.0,1883.56,1943.31,0.0,18835.6,19636.32,1.042510746443243,0,406711.27,257819.04,0,0.0,0.0,0.0,0.0,0.0,0.0,-148892.23,5724185.65,2976061.51
22,9,7,16774.350564887405,630139.23,45570.0,9114.0,3645.6,9785.04,3675.81,2021.7,28180.57,11192.22,16988.35,20973.45,4166.67,0.0,0.0,18228.0,19669.04,0.0,1822.8,1945.74,0.0,18228.0,19669.04,1.0790565398324479,0,411839.19,256260.92,0,0.0,0.0,0.0,0.0,0.0,0.0,-155578.28,5738303.04,2964869.29
22,10,7,16774.350564887405,630139.23,47089.0,9417.8,3767.12,9785.04,3675.81,2021.7,28180.57,11256.11,16924.46,22188.65,4166.67,0.0,0.0,18835.6,19701.82,0.0,1883.56,1948.17,0.0,18835.6,19701.82,1.045988678127905,0,416990.54,255819.89,0,0.0,0.0,0.0,0.0,0.0,0.0,-161170.65,5752455.24,2953613.19
22,11,7,16774.350564887405,630139.23,45570.0,9114.0,3645.6,9785.04,3675.81,2021.7,28180.57,11320.36,16860.21,20973.45,4166.67,0.0,0.0,18228.0,19734.66,0.0,1822.8,1950.61,0.0,18228.0,19734.66,1.0826563923444998,0,422165.42,254308.73,0,0.0,0.0,0.0,0.0,0.0,0.0,-167856.7,5766642.35,2942292.83
22,12,7,16774.350564887405,630139.23,47089.0,9417.8,3767.12,9785.04,3675.81,2021.7,28180.57,11384.98,16795.59,22188.65,4166.67,0.0,0.0,18835.6,19767.55,0.0,1883.56,1953.05,0.0,18835.6,19767.55,1.0494782125791042,0,427363.97,253914.9,0,0.0,0.0,0.0,0.0,0.0,0.0,-173449.07,5780864.44,2930907.85
23,1,7,17277.58108183403,630139.23,47089.0,9417.8,3767.12,10078.59,3675.81,2021.7,28180.57,11449.97,16730.6,21895.1,4166.67,0.0,0.0,18835.6,19800.5,0.0,1883.56,1955.49,0.0,18835.6,19800.5,1.0512273429334027,0,432586.29,253251.3,0,0.0,0.0,0.0,0.0,0.0,0.0,-179334.99,5795121.61,2919457.88
23,2,7,17277.58108183403,630139.23,42532.0,8506.4,3402.56,10078.59,3675.81,2021.7,28180.57,11515.33,16665.24,18249.5,4166.67,0.0,0.0,17012.8,19833.5,0.0,1701.28,1957.93,0.0,17012.8,19833.5,1.165798608701918,0,437832.51,249330.56,0,0.0,0.0,0.0,0.0,0.0,0.0,-188501.95,5809413.95,2907942.55
23,3,7,17277.58108183403,630139.23,47089.0,9417.8,3767.12,10078.59,3675.81,2021.7,28180.57,11581.06,16599.51,21895.1,4166.67,0.0,0.0,18835.6,19866.55,0.0,1883.56,1960.38,0.0,18835.6,19866.55,1.0547343541524667,0,443102.75,248714.88,0,0.0,0.0,0.0,0.0,0.0,0.0,-194387.87,5823741.53,2896361.48
23,4,7,17277.58108183403,630139.23,45570.0,9114.0,3645.6,10078.59,3675.81,2021.7,28180.57,11647.17,16533.4,20679.9,4166.67,0.0,0.0,18228.0,19899.67,0.0,1822.8,1962.83,0.0,18228.0,19899.67,1.0917086529008115,0,448397.14,247029.67,0,0.0,0.0,0.0,0.0,0.0,0.0,-201367.47,5838104.45,2884714.31
23,5,7,17277.58108183403,630139.23,47089.0,9417.8,3767.12,10078.59,3675.81,2021.7,28180.57,11713.66,16466.91,21895.1,4166.67,0.0,0.0,18835.6,19932.83,0.0,1883.56,1965.28,0.0,18835.6,19932.83,1.0582530651506254,0,453715.79,246462.4,0,0.0,0.0,0.0,0.0,0.0,0.0,-207253.39,5852502.79,2873000.65
23,6,7,17277.58108183403,630139.23,45570.0,9114.0,3645.6,10078.59,3675.81,2021.7,28180.57,11780.52,16400.05,20679.9,4166.67,0.0,0.0,18228.0,19966.05,0.0,1822.8,1967.74,0.0,18228.0,19966.05,1.0953507142678502,0,460109.09,245876.1,0,0.0,0.0,0.0,0.0,0.0,0.0,-214232.99,5866936.64,2861220.13
23,7,7,17277.58108183403,630139.23,47089.0,9417.8,3767.12,10078.59,3675.81,2021.7,28180.57,11847.77,16332.8,21895.1,4166.67,0.0,0.0,18835.6,19999.33,0.0,1883.56,1970.2,0.0,18835.6,19999.33,1.061783514959642,0,467213.73,247094.82,0,0.0,0.0,0.0,0.0,0.0,0.0,-220118.91,5881406.09,2849372.36
23,8,7,17277.58108183403,630139.23,47089.0,9417.8,3767.12,10078.59,3675.81,2021.7,28180.57,11915.4,16265.17,21895.1,4166.67,0.0,0.0,18835.6,20032.66,0.0,1883.56,1972.66,0.0,18835.6,20032.66,1.0635531541512413,0,474352.37,248347.54,0,0.0,0.0,0.0,0.0,0.0,0.0,-226004.83,5895911.22,2837456.95
23,9,7,17277.58108183403,630139.23,45570.0,9114.0,3645.6,10078.59,3675.81,2021.7,28180.57,11983.42,16197.15,20679.9,4166.67,0.0,0.0,18228.0,20066.05,0.0,1822.8,1975.13,0.0,18228.0,20066.05,1.1008366008328765,0,481525.19,248540.76,0,0.0,0.0,0.0,0.0,0.0,0.0,-232984.43,5910452.13,2825473.54
23,10,7,17277.58108183403,630139.23,47089.0,9417.8,3767.12,10078.59,3675.81,2021.7,28180.57,12051.82,16128.74,21895.1,4166.67,0.0,0.0,18835.6,20099.49,0.0,1883.56,1977.6,0.0,18835.6,20099.49,1.0671012856460627,0,488732.37,249862.02,0,0.0,0.0,0.0,0.0,0.0,0.0,-238870.35,5925028.9,2813421.71
23,11,7,17277.58108183403,630139.23,45570.0,9114.0,3645.6,10078.59,3675.81,2021.7,28180.57,12120.62,16059.95,20679.9,4166.67,0.0,0.0,18228.0,20132.99,0.0,1822.8,1980.07,0.0,18228.0,20132.99,1.1045091140484329,0,495974.09,250124.14,0,0.0,0.0,0.0,0.0,0.0,0.0,-245849.95,5939641.62,2801301.09
23,12,7,17277.58108183403,630139.23,47089.0,9417.8,3767.12,10078.59,3675.81,2021.7,28180.57,12189.81,15990.76,21895.1,4166.67,0.0,0.0,18835.6,20166.55,0.0,1883.56,1982.55,0.0,18835.6,20166.55,1.0706612541017875,0,503250.52,251514.65,0,0.0,0.0,0.0,0.0,0.0,0.0,-251735.87,5954290.38,2789111.28
24,1,7,17795.90851428905,630139.23,47089.0,9417.8,3767.12,10380.95,3675.81,2021.7,28180.57,12259.39,15921.18,21592.74,4166.67,0.0,0.0,18835.6,20200.16,0.0,1883.56,1985.02,0.0,18835.6,20200.16,1.0724456895252905,0,510561.85,252637.71,0,0.0,0.0,0.0,0.0,0.0,0.0,-257924.15,5968975.26,2776851.89
24,2,7,17795.90851428905,630139.23,42532.0,8506.4,3402.56,10380.95,3675.81,2021.7,28180.57,12329.37,15851.2,17947.14,4166.67,0.0,0.0,17012.8,20233.82,0.0,1701.28,1987.5,0.0,17012.8,20233.82,1.1893295024729573,0,517908.27,250514.8,0,0.0,0.0,0.0,0.0,0.0,0.0,-267393.46,5983696.36,2764522.52
24,3,7,17795.90851428905,630139.23,47089.0,9417.8,3767.12,10380.95,3675.81,2021.7,28180.57,12399.75,15780.82,21592.74,4166.67,0.0,0.0,18835.6,20267.55,0.0,1883.56,1989.99,0.0,18835.6,20267.55,1.076023487506179,0,525289.95,251708.21,0,0.0,0.0,0.0,0.0,0.0,0.0,-273581.74,5998453.77,2752122.76
24,4,7,17795.90851428905,630139.23,45570.0,9114.0,3645.6,10380.95,3675.81,2021.7,28180.57,12470.54,15710.03,20377.54,4166.67,0.0,0.0,18228.0,20301.33,0.0,1822.8,1992.48,0.0,18228.0,20301.33,1.1137440886515344,0,532707.08,251843.38,0,0.0,0.0,0.0,0.0,0.0,0.0,-280863.7,6013247.58,2739652.23
24,5,7,17795.90851428905,630139.23,47089.0,9417.8,3767.12,10380.95,3675.81,2021.7,28180.57,12541.72,15638.85,21592.74,4166.67,0.0,0.0,18835.6,20335.16,0.0,1883.56,1994.97,0.0,18835.6,20335.16,1.079613221418665,0,540159.85,253107.88,0,0.0,0.0,0.0,0.0,0.0,0.0,-287051.98,6028077.87,2727110.51
24,6,7,17795.90851428905,630139.23,45570.0,9114.0,3645.6,10380.95,3675.81,2021.7,28180.57,12613.31,15567.26,20377.54,4166.67,0.0,0.0,18228.0,20369.05,0.0,1822.8,1997.46,0.0,18228.0,20369.05,1.1174596626806192,0,547648.45,253314.51,0,0.0,0.0,0.0,0.0,0.0,0.0,-294333.94,6042944.74,2714497.19
24,7,7,17795.90851428905,630139.23,47089.0,9417.8,3767.12,10380.95,3675.81,2021.7,28180.57,12685.31,15495.25,21592.74,4166.67,0.0,0.0,18835.6,20403.0,0.0,1883.56,1999.96,0.0,18835.6,20403.0,1.0832149310823422,0,555173.06,254650.84,0,0.0,0.0,0.0,0.0,0.0,0.0,-300522.21,6057848.27,2701811.88
24,8,7,17795.90851428905,630139.23,47089.0,9417.8,3767.12,10380.95,3675.81,2021.7,28180.57,12757.73,15422.84,21592.74,4166.67,0.0,0.0,18835.6,20437.01,0.0,1883.56,2002.46,0.0,18835.6,20437.01,1.0850202893008127,0,562733.86,256023.37,0,0.0,0.0,0.0,0.0,0.0,0.0,-306710.49,6072788.56,2689054.15
24,9,7,17795.90851428905,630139.23,45570.0,9114.0,3645.6,10380.95,3675.81,2021.7,28180.57,12830.55,15350.02,20377.54,4166.67,0.0,0.0,18228.0,20471.07,0.0,1822.8,2004.96,0.0,18228.0,20471.07,1.1230562783313023,0,570331.06,256338.61,0,0.0,0.0,0.0,0.0,0.0,0.0,-313992.45,6087765.69,2676223.6
24,10,7,17795.90851428905,630139.23,47089.0,9417.8,3767.12,10380.95,3675.81,2021.7,28180.57,12903.79,15276.78,21592.74,4166.67,0.0,0.0,18835.6,20505.19,0.0,1883.56,2007.47,0.0,18835.6,20505.19,1.0886400375437302,0,577964.84,257784.11,0,0.0,0.0,0.0,0.0,0.0,0.0,-320180.73,6102779.76,2663319.81
24,11,7,17795.90851428905,630139.23,45570.0,9114.0,3645.6,10380.95,3675.81,2021.7,28180.57,12977.45,15203.12,20377.54,4166.67,0.0,0.0,18228.0,20539.36,0.0,1822.8,2009.98,0.0,18228.0,20539.36,1.1268029188598465,0,585635.4,258172.71,0,0.0,0.0,0.0,0.0,0.0,0.0,-327462.69,6117830.86,2650342.36
24,12,7,17795.90851428905,630139.23,47089.0,9417.8,3767.12,10380.95,3675.81,2021.7,28180.57,13051.53,15129.04,21592.74,4166.67,0.0,0.0,18835.6,20573.6,0.0,1883.56,2012.49,0.0,18835.6,20573.6,1.0922718616689804,0,593342.92,259691.95,0,0.0,0.0,0.0,0.0,0.0,0.0,-333650.96,6132919.09,2637290.83
25,1,7,18329.785769717724,630139.23,47089.0,9417.8,3767.12,10692.38,3675.81,2021.7,28180.57,13126.03,15054.54,21281.32,4166.67,0.0,0.0,18835.6,20607.89,0.0,1883.56,2015.0,0.0,18835.6,20607.89,1.094092314771762,0,601087.6,260936.93,0,0.0,0.0,0.0,0.0,0.0,0.0,-340150.67,6148044.52,2624164.79
25,2,7,18329.785769717724,630139.23,42532.0,8506.4,3402.56,10692.38,3675.81,2021.7,28180.57,13200.96,14979.61,17635.72,4166.67,0.0,0.0,17012.8,20642.23,0.0,1701.28,2017.52,0.0,17012.8,20642.23,1.213335352173375,0,608869.64,258938.22,0,0.0,0.0,0.0,0.0,0.0,0.0,-349931.42,6163207.26,2610963.83
25,3,7,18329.785769717724,630139.23,47089.0,9417.8,3767.12,10692.38,3675.81,2021.7,28180.57,13276.32,14904.25,21281.32,4166.67,0.0,0.0,18835.6,20676.64,0.0,1883.56,2020.05,0.0,18835.6,20676.64,1.0977423282996535,0,616689.23,260258.11,0,0.0,0.0,0.0,0.0,0.0,0.0,-356431.12,6178407.39,2597687.51
25,4,7,18329.785769717724,630139.23,45570.0,9114.0,3645.6,10692.38,3675.81,2021.7,28180.57,13352.1,14828.47,20066.12,4166.67,0.0,0.0,18228.0,20711.1,0.0,1822.8,2022.57,0.0,18228.0,20711.1,1.136224295475047,0,624546.58,260522.07,0,0.0,0.0,0.0,0.0,0.0,0.0,-364024.51,6193645.01,2584335.41
25,5,7,18329.785769717724,630139.23,47089.0,9417.8,3767.12,10692.38,3675.81,2021.7,28180.57,13428.32,14752.25,21281.32,4166.67,0.0,0.0,18835.6,20745.61,0.0,1883.56,2025.1,0.0,18835.6,20745.61,1.1014045186782313,0,632441.87,261917.65,0,0.0,0.0,0.0,0.0,0.0,0.0,-370524.22,6208920.21,2570907.09
25,6,7,18329.785769717724,630139.23,45570.0,9114.0,3645.6,10692.38,3675.81,2021.7,28180.57,13504.97,14675.59,20066.12,4166.67,0.0,0.0,18228.0,20780.19,0.0,1822.8,2027.63,0.0,18228.0,20780.19,1.1400148659718958,0,640375.31,262257.71,0,0.0,0.0,0.0,0.0,0.0,0.0,-378117.6,6224233.08,2557402.11
25,7,7,18329.785769717724,630139.23,47089.0,9417.8,3767.12,10692.38,3675.81,2021.7,28180.57,13582.07,14598.5,21281.32,4166.67,0.0,0.0,18835.6,20814.82,0.0,1883.56,2030.16,0.0,18835.6,20814.82,1.1050789265308218,0,648347.1,263729.79,0,0.0,0.0,0.0,0.0,0.0,0.0,-384617.31,6239583.72,2543820.05
25,8,7,18329.785769717724,630139.23,47089.0,9417.8,3767.12,10692.38,3675.81,2021.7,28180.57,13659.6,14520.97,21281.32,4166.67,0.0,0.0,18835.6,20849.52,0.0,1883.56,2032.7,0.0,18835.6,20849.52,1.1069207247417068,0,656357.44,265240.43,0,0.0,0.0,0.0,0.0,0.0,0.0,-391117.01,6254972.21,2530160.45
25,9,7,18329.785769717724,630139.23,45570.0,9114.0,3645.6,10692.38,3675.81,2021.7,28180.57,13737.57,14443.0,20066.12,4166.67,0.0,0.0,18228.0,20884.27,0.0,1822.8,2035.24,0.0,18228.0,20884.27,1.1457244457034852,0,664406.53,265696.13,0,0.0,0.0,0.0,0.0,0.0,0.0,-398710.4,6270398.66,2516422.88
25,10,7,18329.785769717724,630139.23,47089.0,9417.8,3767.12,10692.38,3675.81,2021.7,28180.57,13815.99,14364.58,21281.32,4166.67,0.0,0.0,18835.6,20919.07,0.0,1883.56,2037.79,0.0,18835.6,20919.07,1.1106135352706366,0,672494.59,267284.48,0,0.0,0.0,0.0,0.0,0.0,0.0,-405210.11,6285863.16,2502606.89
25,11,7,18329.785769717724,630139.23,45570.0,9114.0,3645.6,10692.38,3675.81,2021.7,28180.57,13894.85,14285.71,20066.12,4166.67,0.0,0.0,18228.0,20953.94,0.0,1822.8,2040.33,0.0,18228.0,20953.94,1.1495467097570682,0,680621.8,267818.31,0,0.0,0.0,0.0,0.0,0.0,0.0,-412803.49,6301365.79,2488712.04
25,12,7,18329.785769717724,630139.23,47089.0,9417.8,3767.12,10692.38,3675.81,2021.7,28180.57,13974.17,14206.4,21281.32,4166.67,0.0,0.0,18835.6,20988.86,0.0,1883.56,2042.88,0.0,18835.6,20988.86,1.1143186654258033,0,688788.39,269485.19,0,0.0,0.0,0.0,0.0,0.0,0.0,-419303.2,6316906.66,2474737.87
26,1,7,18879.679342809257,630139.23,47089.0,9417.8,3767.12,11013.15,3675.81,2021.7,28180.57,14053.94,14126.63,20960.54,4166.67,0.0,0.0,18835.6,21023.84,0.0,1883.56,2045.44,0.0,18835.6,21023.84,1.116175863201513,0,696994.55,270870.87,0,0.0,0.0,0.0,0.0,0.0,0.0,-426123.68,6332485.85,2460683.93
26,2,7,18879.679342809257,630139.23,42532.0,8506.4,3402.56,11013.15,3675.81,2021.7,28180.57,14134.17,14046.4,17314.94,4166.67,0.0,0.0,17012.8,21058.88,0.0,1701.28,2048.0,0.0,17012.8,21058.88,1.2378257444825826,0,705240.5,269015.3,0,0.0,0.0,0.0,0.0,0.0,0.0,-436225.19,6348103.47,2446549.76
26,3,7,18879.679342809257,630139.23,47089.0,9417.8,3767.12,11013.15,3675.81,2021.7,28180.57,14214.85,13965.72,20960.54,4166.67,0.0,0.0,18835.6,21093.98,0.0,1883.56,2050.56,0.0,18835.6,21093.98,1.1198995499006936,0,713526.44,270480.77,0,0.0,0.0,0.0,0.0,0.0,0.0,-443045.67,6363759.61,2432334.92
26,4,7,18879.679342809257,630139.23,45570.0,9114.0,3645.6,11013.15,3675.81,2021.7,28180.57,14295.99,13884.58,19745.34,4166.67,0.0,0.0,18228.0,21129.14,0.0,1822.8,2053.12,0.0,18228.0,21129.14,1.1591582507888791,0,721852.59,270892.76,0,0.0,0.0,0.0,0.0,0.0,0.0,-450959.83,6379454.36,2418038.92
26,5,7,18879.679342809257,630139.23,47089.0,9417.8,3767.12,11013.15,3675.81,2021.7,28180.57,14377.6,13802.97,20960.54,4166.67,0.0,0.0,18835.6,21164.35,0.0,1883.56,2055.68,0.0,18835.6,21164.35,1.123635659232446,0,730219.16,272438.85,0,0.0,0.0,0.0,0.0,0.0,0.0,-457780.31,6395187.81,2403661.33
26,6,7,18879.679342809257,630139.23,45570.0,9114.0,3645.6,11013.15,3675.81,2021.7,28180.57,14459.67,13720.9,19745.34,4166.67,0.0,0.0,18228.0,21199.63,0.0,1822.8,2058.25,0.0,18228.0,21199.63,1.163025331508872,0,738626.35,272931.89,0,0.0,0.0,0.0,0.0,0.0,0.0,-465694.47,6410960.07,2389201.66
26,7,7,18879.679342809257,630139.23,47089.0,9417.8,3767.12,11013.15,3675.81,2021.7,28180.57,14542.21,13638.36,20960.54,4166.67,0.0,0.0,18835.6,21234.96,0.0,1883.56,2060.83,0.0,18835.6,21234.96,1.1273842326400518,0,747074.4,274559.45,0,0.0,0.0,0.0,0.0,0.0,0.0,-472514.94,6426771.23,2374659.45
26,8,7,18879.679342809257,630139.23,47089.0,9417.8,3767.12,11013.15,3675.81,2021.7,28180.57,14625.22,13555.35,20960.54,4166.67,0.0,0.0,18835.6,21270.35,0.0,1883.56,2063.4,0.0,18835.6,21270.35,1.1292632063611188,0,755563.5,276228.08,0,0.0,0.0,0.0,0.0,0.0,0.0,-479335.42,6442621.38,2360034.23
26,9,7,18879.679342809257,630139.23,45570.0,9114.0,3645.6,11013.15,3675.81,2021.7,28180.57,14708.71,13471.86,19745.34,4166.67,0.0,0.0,18228.0,21305.8,0.0,1822.8,2065.98,0.0,18228.0,21305.8,1.1688501554285557,0,764093.88,276844.3,0,0.0,0.0,0.0,0.0,0.0,0.0,-487249.58,6458510.62,2345325.52
26,10,7,18879.679342809257,630139.23,47089.0,9417.8,3767.12,11013.15,3675.81,2021.7,28180.57,14792.67,13387.9,20960.54,4166.67,0.0,0.0,18835.6,21341.31,0.0,1883.56,2068.56,0.0,18835.6,21341.31,1.133030553891229,0,772665.76,278595.7,0,0.0,0.0,0.0,0.0,0.0,0.0,-494070.06,6474439.05,2330532.85
26,11,7,18879.679342809257,630139.23,45570.0,9114.0,3645.6,11013.15,3675.81,2021.7,28180.57,14877.11,13303.46,19745.34,4166.67,0.0,0.0,18228.0,21376.88,0.0,1822.8,2071.15,0.0,18228.0,21376.88,1.172749569419305,0,781279.35,279295.14,0,0.0,0.0,0.0,0.0,0.0,0.0,-501984.21,6490406.76,2315655.74
26,12,7,18879.679342809257,630139.23,47089.0,9417.8,3767.12,11013.15,3675.81,2021.7,28180.57,14962.03,13218.53,20960.54,4166.67,0.0,0.0,18835.6,21412.51,0.0,1883.56,2073.74,0.0,18835.6,21412.51,1.1368104697112942,0,789934.88,281130.19,0,0.0,0.0,0.0,0.0,0.0,0.0,-508804.69,6506413.86,2300693.71
27,1,7,19446.069723093537,630139.23,47089.0,9417.8,3767.12,11343.54,3675.81,2021.7,28180.57,15047.44,13133.13,20630.15,4166.67,0.0,0.0,18835.6,21448.19,0.0,1883.56,2076.33,0.0,18835.6,21448.19,1.1387051538274797,0,798632.56,282677.0,0,0.0,0.0,0.0,0.0,0.0,0.0,-515955.56,6522460.43,2285646.26
27,2,7,19446.069723093537,630139.23,42532.0,8506.4,3402.56,11343.54,3675.81,2021.7,28180.57,15133.34,13047.23,16984.55,4166.67,0.0,0.0,17012.8,21483.94,0.0,1701.28,2078.93,0.0,17012.8,21483.94,1.262810459580939,0,807372.63,280985.15,0,0.0,0.0,0.0,0.0,0.0,0.0,-526387.47,6538546.58,2270512.93
27,3,7,19446.069723093537,630139.23,47089.0,9417.8,3767.12,11343.54,3675.81,2021.7,28180.57,15219.72,12960.84,20630.15,4166.67,0.0,0.0,18835.6,21519.75,0.0,1883.56,2081.53,0.0,18835.6,21519.75,1.1425040007434433,0,816155.29,282616.95,0,0.0,0.0,0.0,0.0,0.0,0.0,-533538.35,6554672.4,2255293.2
27,4,7,19446.069723093537,630139.23,45570.0,9114.0,3645.6,11343.54,3675.81,2021.7,28180.57,15306.6,12873.97,19414.95,4166.67,0.0,0.0,18228.0,21555.61,0.0,1822.8,2084.13,0.0,18228.0,21555.61,1.1825551132139496,0,824980.79,283197.89,0,0.0,0.0,0.0,0.0,0.0,0.0,-541782.9,6570837.99,2239986.6
27,5,7,19446.069723093537,630139.23,47089.0,9417.8,3767.12,11343.54,3675.81,2021.7,28180.57,15393.98,12786.59,20630.15,4166.67,0.0,0.0,18835.6,21591.54,0.0,1883.56,2086.73,0.0,18835.6,21591.54,1.1463155210348126,0,833849.34,284915.57,0,0.0,0.0,0.0,0.0,0.0,0.0,-548933.77,6587043.45,2224592.62
27,6,7,19446.069723093537,630139.23,45570.0,9114.0,3645.6,11343.54,3675.81,2021.7,28180.57,15481.85,12698.72,19414.95,4166.67,0.0,0.0,18228.0,21627.53,0.0,1822.8,2089.34,0.0,18228.0,21627.53,1.1865002484666438,0,842761.17,285582.85,0,0.0,0.0,0.0,0.0,0.0,0.0,-557178.32,6603288.87,2209110.77
27,7,7,19446.069723093537,630139.23,47089.0,9417.8,3767.12,11343.54,3675.81,2021.7,28180.57,15570.23,12610.34,20630.15,4166.67,0.0,0.0,18835.6,21663.57,0.0,1883.56,2091.95,0.0,18835.6,21663.57,1.150139756981376,0,851716.52,287387.32,0,0.0,0.0,0.0,0.0,0.0,0.0,-564329.19,6619574.36,2193540.54
27,8,7,19446.069723093537,630139.23,47089.0,9417.8,3767.12,11343.54,3675.81,2021.7,28180.57,15659.11,12521.46,20630.15,4166.67,0.0,0.0,18835.6,21699.68,0.0,1883.56,2094.57,0.0,18835.6,21699.68,1.1520566565763448,0,860715.61,289235.54,0,0.0,0.0,0.0,0.0,0.0,0.0,-571480.07,6635900.02,2177881.43
27,9,7,19446.069723093537,630139.23,45570.0,9114.0,3645.6,11343.54,3675.81,2021.7,28180.57,15748.5,12432.07,19414.95,4166.67,0.0,0.0,18228.0,21735.84,0.0,1822.8,2097.19,0.0,18228.0,21735.84,1.1924426427041046,0,869758.67,290034.05,0,0.0,0.0,0.0,0.0,0.0,0.0,-579724.62,6652265.94,2162132.93
27,10,7,19446.069723093537,630139.23,47089.0,9417.8,3767.12,11343.54,3675.81,2021.7,28180.57,15838.39,12342.18,20630.15,4166.67,0.0,0.0,18835.6,21772.07,0.0,1883.56,2099.81,0.0,18835.6,21772.07,1.155900045588979,0,878845.93,291970.44,0,0.0,0.0,0.0,0.0,0.0,0.0,-586875.49,6668672.22,2146294.54
27,11,7,19446.069723093537,630139.23,45570.0,9114.0,3645.6,11343.54,3675.81,2021.7,28180.57,15928.8,12251.76,19414.95,4166.67,0.0,0.0,18228.0,21808.36,0.0,1822.8,2102.43,0.0,18228.0,21808.36,1.1964207638537925,0,887977.64,292857.6,0,0.0,0.0,0.0,0.0,0.0,0.0,-595120.04,6685118.97,2130365.73
27,12,7,19446.069723093537,630139.23,47089.0,9417.8,3767.12,11343.54,3675.81,2021.7,28180.57,16019.73,12160.84,20630.15,4166.67,0.0,0.0,18835.6,21844.7,0.0,1883.56,2105.06,0.0,18835.6,21844.7,1.1597562565744024,0,897154.02,294883.11,0,0.0,0.0,0.0,0.0,0.0,0.0,-602270.91,6701606.27,2114346.0
28,1,7,20029.451814786342,630139.23,47089.0,9417.8,3767.12,11683.85,3675.81,2021.7,28180.57,16111.18,12069.39,20289.84,4166.67,0.0,0.0,18835.6,21881.11,0.0,1883.56,2107.69,0.0,18835.6,21881.11,1.1616891836686931,0,906375.32,296613.22,0,0.0,0.0,0.0,0.0,0.0,0.0,-609762.09,6718134.24,2098234.83
28,2,7,20029.451814786342,630139.23,42532.0,8506.4,3402.56,11683.85,3675.81,2021.7,28180.57,16203.15,11977.42,16644.24,4166.67,0.0,0.0,17012.8,21917.58,0.0,1701.28,2110.33,0.0,17012.8,21917.58,1.288299475055442,0,915641.76,295107.45,0,0.0,0.0,0.0,0.0,0.0,0.0,-620534.31,6734702.97,2082031.68
28,3,7,20029.451814786342,630139.23,47089.0,9417.8,3767.12,11683.85,3675.81,2021.7,28180.57,16295.64,11884.93,20289.84,4166.67,0.0,0.0,18835.6,21954.11,0.0,1883.56,2112.96,0.0,18835.6,21954.11,1.165564707861988,0,924953.6,296928.11,0,0.0,0.0,0.0,0.0,0.0,0.0,-628025.49,6751312.57,2065736.04
28,4,7,20029.451814786342,630139.23,45570.0,9114.0,3645.6,11683.85,3675.81,2021.7,28180.57,16388.66,11791.91,19074.64,4166.67,0.0,0.0,18228.0,21990.7,0.0,1822.8,2115.61,0.0,18228.0,21990.7,1.2064242262320388,0,934311.06,297700.72,0,0.0,0.0,0.0,0.0,0.0,0.0,-636610.35,6767963.13,2049347.38
28,5,7,20029.451814786342,630139.23,47089.0,9417.8,3767.12,11683.85,3675.81,2021.7,28180.57,16482.21,11698.36,20289.84,4166.67,0.0,0.0,18835.6,22027.35,0.0,1883.56,2118.25,0.0,18835.6,22027.35,1.1694531612346055,0,943714.4,299612.87,0,0.0,0.0,0.0,0.0,0.0,0.0,-644101.53,6784654.75,2032865.17
28,6,7,20029.451814786342,630139.23,45570.0,9114.0,3645.6,11683.85,3675.81,2021.7,28180.57,13759.97,11604.27,19074.64,4166.67,0.0,0.0,18228.0,22064.06,0.0,1822.8,2120.9,0.0,18228.0,22064.06,1.2104489914978853,0,950432.01,297745.63,0,0.0,0.0,0.0,0.0,0.0,0.0,-652686.38,6801387.54,2019105.2
28,7,7,20029.451814786342,630139.23,47089.0,9417.8,3767.12,11683.85,3675.81,2021.7,20823.67,9297.94,11525.73,20289.84,4166.67,0.0,0.0,18835.6,22100.84,0.0,1883.56,2123.55,0.0,18835.6,22100.84,1.1733545869197244,0,952776.03,299955.38,0,0.0,0.0,0.0,0.0,0.0,0.0,-652820.66,6818161.6,2009807.26
28,8,7,20029.451814786342,630139.23,47089.0,9417.8,3767.12,11683.85,3675.81,2021.7,20823.67,9351.02,11472.65,20289.84,4166.67,0.0,0.0,18835.6,22137.67,0.0,1883.56,2126.2,0.0,18835.6,22137.67,1.175310177897924,0,955125.84,302170.9,0,0.0,0.0,0.0,0.0,0.0,0.0,-652954.93,6834977.02,2000456.25
28,9,7,20029.451814786342,630139.23,45570.0,9114.0,3645.6,11683.85,3675.81,2021.7,20823.67,9404.4,11419.27,19074.64,4166.67,0.0,0.0,18228.0,22174.57,0.0,1822.8,2128.86,0.0,18228.0,22174.57,1.2165113291342347,0,957481.44,303298.55,0,0.0,0.0,0.0,0.0,0.0,0.0,-654182.89,6851833.92,1991051.85
28,10,7,20029.451814786342,630139.23,47089.0,9417.8,3767.12,11683.85,3675.81,2021.7,20823.67,9458.08,11365.59,20289.84,4166.67,0.0,0.0,18835.6,22211.53,0.0,1883.56,2131.52,0.0,18835.6,22211.53,1.1792311432414115,0,959842.84,305525.68,0,0.0,0.0,0.0,0.0,0.0,0.0,-654317.16,6868732.39,1981593.77
28,11,7,20029.451814786342,630139.23,45570.0,9114.0,3645.6,11683.85,3675.81,2021.7,20823.67,9512.07,11311.6,19074.64,4166.67,0.0,0.0,18228.0,22248.55,0.0,1822.8,2134.19,0.0,18228.0,22248.55,1.2205697460961522,0,962210.07,306664.95,0,0.0,0.0,0.0,0.0,0.0,0.0,-655545.12,6885672.54,1972081.7
28,12,7,20029.451814786342,630139.23,47089.0,9417.8,3767.12,11683.85,3675.81,2021.7,20823.67,9566.37,11257.3,20289.84,4166.67,0.0,0.0,18835.6,22285.63,0.0,1883.56,2136.85,0.0,18835.6,22285.63,1.1831651893609476,0,964583.14,308903.75,0,0.0,0.0,0.0,0.0,0.0,0.0,-655679.39,6902654.46,1962515.34
29,1,7,20630.33536922993,630139.23,47089.0,9417.8,3767.12,12034.36,3675.81,2021.7,20823.67,9620.97,11202.69,19939.33,4166.67,0.0,0.0,18835.6,22322.77,0.0,1883.56,2139.53,0.0,18835.6,22322.77,1.1851371313432157,0,966962.07,310797.88,0,0.0,0.0,0.0,0.0,0.0,0.0,-656164.18,6919678.27,1952894.36
29,2,7,20630.33536922993,630139.23,42532.0,8506.4,3402.56,12034.36,3675.81,2021.7,20823.67,9675.89,11147.77,16293.73,4166.67,0.0,0.0,17012.8,22359.97,0.0,1701.28,2142.2,0.0,17012.8,22359.97,1.3143029698842532,0,969346.86,309416.84,0,0.0,0.0,0.0,0.0,0.0,0.0,-659930.02,6936744.06,1943218.47
29,3,7,20630.33536922993,630139.23,47089.0,9417.8,3767.12,12034.36,3675.81,2021.7,15483.92,4391.38,11092.54,19939.33,4166.67,0.0,0.0,18835.6,22397.24,0.0,1883.56,2144.88,0.0,18835.6,22397.24,1.1890908804952802,0,971737.53,316662.47,0,0.0,0.0,0.0,0.0,0.0,0.0,-655075.06,6953851.95,1938827.09
29,4,7,20630.33536922993,630139.23,45570.0,9114.0,3645.6,12034.36,3675.81,2021.7,15483.92,4416.45,11067.47,18724.13,4166.67,0.0,0.0,18228.0,22434.57,0.0,1822.8,2147.56,0.0,18228.0,22434.57,1.230775121917087,0,974134.09,322820.31,0,0.0,0.0,0.0,0.0,0.0,0.0,-651313.78,6971002.02,1934410.64
29,5,7,20630.33536922993,630139.23,47089.0,9417.8,3767.12,12034.36,3675.81,2021.7,15483.92,4441.66,11042.26,19939.33,4166.67,0.0,0.0,18835.6,22471.96,0.0,1883.56,2150.24,0.0,18835.6,22471.96,1.1930578197938215,0,976536.57,330077.74,0,0.0,0.0,0.0,0.0,0.0,0.0,-646458.83,6988194.39,1929968.98
29,6,7,20630.33536922993,630139.23,45570.0,9114.0,3645.6,12034.36,3675.81,2021.7,15483.92,4467.01,11016.91,18724.13,4166.67,0.0,0.0,18228.0,22509.41,0.0,1822.8,2152.93,0.0,18228.0,22509.41,1.2348811244765938,0,978944.97,336247.42,0,0.0,0.0,0.0,0.0,0.0,0.0,-642697.55,7005429.17,1925501.97
29,7,7,20630.33536922993,630139.23,47089.0,9417.8,3767.12,12034.36,3675.81,2021.7,15483.92,4492.51,10991.41,19939.33,4166.67,0.0,0.0,18835.6,22546.93,0.0,1883.56,2155.62,0.0,18835.6,22546.93,1.1970379932426338,0,981359.32,343516.72,0,0.0,0.0,0.0,0.0,0.0,0.0,-637842.6,7022706.44,1921009.45
29,8,7,20630.33536922993,630139.23,47089.0,9417.8,3767.12,12034.36,3675.81,2021.7,15483.92,4518.16,10965.76,19939.33,4166.67,0.0,0.0,18835.6,22584.51,0.0,1883.56,2158.32,0.0,18835.6,22584.51,1.1990330565647052,0,983779.61,350791.97,0,0.0,0.0,0.0,0.0,0.0,0.0,-632987.64,7040026.33,1916491.3
29,9,7,20630.33536922993,630139.23,45570.0,9114.0,3645.6,12034.36,3675.81,2021.7,15483.92,4543.95,10939.97,18724.13,4166.67,0.0,0.0,18228.0,22622.15,0.0,1822.8,2161.01,0.0,18228.0,22622.15,1.2410658264920567,0,986205.88,356979.51,0,0.0,0.0,0.0,0.0,0.0,0.0,-629226.37,7057388.94,1911947.35
29,10,7,20630.33536922993,630139.23,47089.0,9417.8,3767.12,12034.36,3675.81,2021.7,15483.92,4569.89,10914.03,19939.33,4166.67,0.0,0.0,18835.6,22659.85,0.0,1883.56,2163.72,0.0,18835.6,22659.85,1.2030331640673,0,988638.13,364266.72,0,0.0,0.0,0.0,0.0,0.0,0.0,-624371.41,7074794.36,1907377.46
29,11,7,20630.33536922993,630139.23,45570.0,9114.0,3645.6,12034.36,3675.81,2021.7,15483.92,4595.97,10887.95,18724.13,4166.67,0.0,0.0,18228.0,22697.62,0.0,1822.8,2166.42,0.0,18228.0,22697.62,1.245206159985437,0,991076.38,370466.24,0,0.0,0.0,0.0,0.0,0.0,0.0,-620610.14,7092242.71,1902781.49
29,12,7,20630.33536922993,630139.23,47089.0,9417.8,3767.12,12034.36,3675.81,2021.7,15483.92,4622.21,10861.71,19939.33,4166.67,0.0,0.0,18835.6,22735.45,0.0,1883.56,2169.13,0.0,18835.6,22735.45,1.20704661637298,0,993520.64,377765.46,0,0.0,0.0,0.0,0.0,0.0,0.0,-615755.18,7109734.1,1898159.28
30,1,7,21249.24543030683,630139.23,47089.0,9417.8,3767.12,12395.39,3675.81,2021.7,15483.92,4648.59,10835.33,19578.3,4166.67,0.0,0.0,18835.6,22773.34,0.0,1883.56,2171.84,0.0,18835.6,22773.34,1.2090583607336018,0,995970.93,384709.67,0,0.0,0.0,0.0,0.0,0.0,0.0,-611261.26,7127268.62,1893510.68
30,2,7,21249.24543030683,630139.23,42532.0,8506.4,3402.56,12395.39,3675.81,2021.7,15483.92,4675.13,10808.79,15932.7,4166.67,0.0,0.0,17012.8,22811.3,0.0,1701.28,2174.55,0.0,17012.8,22811.3,1.340831328501651,0,998427.26,388378.89,0,0.0,0.0,0.0,0.0,0.0,0.0,-610048.37,7144846.39,1888835.55
30,3,7,21249.24543030683,630139.23,47089.0,9417.8,3767.12,12395.39,3675.81,2021.7,15483.92,4701.82,10782.1,19578.3,4166.67,0.0,0.0,18835.6,22849.31,0.0,1883.56,2177.27,0.0,18835.6,22849.31,1.2130919137648273,0,1000889.65,395335.21,0,0.0,0.0,0.0,0.0,0.0,0.0,-605554.45,7162467.5,1884133.74
30,4,7,21249.24543030683,630139.23,45570.0,9114.0,3645.6,12395.39,3675.81,2021.7,15483.92,4728.66,10755.26,18363.1,4166.67,0.0,0.0,18228.0,22887.4,0.0,1822.8,2179.99,0.0,18228.0,22887.4,1.2556175247418053,0,1003358.12,401203.91,0,0.0,0.0,0.0,0.0,0.0,0.0,-602154.2,7180132.08,1879405.08
30,5,7,21249.24543030683,630139.23,47089.0,9417.8,3767.12,12395.39,3675.81,2021.7,15483.92,4755.65,10728.27,19578.3,4166.67,0.0,0.0,18835.6,22925.54,0.0,1883.56,2182.72,0.0,18835.6,22925.54,1.2171389231771372,0,1005832.67,408172.39,0,0.0,0.0,0.0,0.0,0.0,0.0,-597660.28,7197840.22,1874649.43
30,6,7,21249.24543030683,630139.23,45570.0,9114.0,3645.6,12395.39,3675.81,2021.7,15483.92,4782.8,10701.12,18363.1,4166.67,0.0,0.0,18228.0,22963.75,0.0,1822.8,2185.45,0.0,18228.0,22963.75,1.2598064043174024,0,1008313.32,414053.29,0,0.0,0.0,0.0,0.0,0.0,0.0,-594260.03,7215592.04,1869866.63
30,7,7,21249.24543030683,630139.23,47089.0,9417.8,3767.12,12395.39,3675.81,2021.7,15483.92,4810.1,10673.82,19578.3,4166.67,0.0,0.0,18835.6,23002.02,0.0,1883.56,2188.18,0.0,18835.6,23002.02,1.2211994338625145,0,1010800.09,421033.99,0,0.0,0.0,0.0,0.0,0.0,0.0,-589766.11,7233387.64,1865056.54
30,8,7,21249.24543030683,630139.23,47089.0,9417.8,3767.12,12395.39,3675.81,2021.7,15483.92,4837.56,10646.36,19578.3,4166.67,0.0,0.0,18835.6,23040.36,0.0,1883.56,2190.91,0.0,18835.6,23040.36,1.2232347662522856,0,1013293.0,428020.82,0,0.0,0.0,0.0,0.0,0.0,0.0,-585272.18,7251227.12,1860218.98
30,9,7,21249.24543030683,630139.23,45570.0,9114.0,3645.6,12395.39,3675.81,2021.7,15483.92,4865.17,10618.75,18363.1,4166.67,0.0,0.0,18228.0,23078.76,0.0,1822.8,2193.65,0.0,18228.0,23078.76,1.2661159405581295,0,1015792.05,433920.12,0,0.0,0.0,0.0,0.0,0.0,0.0,-581871.94,7269110.6,1855353.81
30,10,7,21249.24543030683,630139.23,47089.0,9417.8,3767.12,12395.39,3675.81,2021.7,15483.92,4892.94,10590.98,19578.3,4166.67,0.0,0.0,18835.6,23117.23,0.0,1883.56,2196.4,0.0,18835.6,23117.23,1.2273156133474774,0,1018297.27,440919.26,0,0.0,0.0,0.0,0.0,0.0,0.0,-577378.01,7287038.19,1850460.87
30,11,7,21249.24543030683,630139.23,45570.0,9114.0,3645.6,12395.39,3675.81,2021.7,15483.92,4920.87,10563.05,18363.1,4166.67,0.0,0.0,18228.0,23155.75,0.0,1822.8,2199.14,0.0,18228.0,23155.75,1.2703398440153806,0,1020808.67,446830.9,0,0.0,0.0,0.0,0.0,0.0,0.0,-573977.77,7305009.99,1845539.99
30,12,7,21249.24543030683,630139.23,47089.0,9417.8,3767.12,12395.39,3675.81,2021.7,15483.92,4948.96,10534.96,19578.3,4166.67,0.0,0.0,18835.6,23194.35,0.0,1883.56,2201.89,0.0,18835.6,23194.35,1.231410074602006,0,1023326.26,453842.41,0,0.0,0.0,0.0,0.0,0.0,0.0,-569483.84,7323026.12,1840591.03
