YYYY-MM,UnitID,Starting Cash,Savings In,Gross Revenue,Mgmt Expense,CapEx Operating,HOA,Insurance,Property Tax,Debt Service (Total),Scheduled Principal,Interest Portion,Ops Net,HY Interest (Cash),HY Interest (Rainy),HY Interest (Capex),Rainy Top-Up,Capex Top-Up,Rainy Balance,Capex Balance,Liquidity Required,Liquidity Actual,Liquidity Ratio,Freeze Flag,Accessible Principal,Deployable (Cash+Accessible),Feeder Draw (Net),Feeder Prepay,Purchase: Down Payment,Purchase: Closing Costs,Purchase: Initial Rainy Funding,Purchase Out (Total),New Loan Principal,Loan Balance (End),End Cash,Units Owned
Y1-01,TOTAL,5000.0,4166.67,0.0,0.0,0.0,0.0,0.0,0.0,0.0,0.0,0.0,0.0,16.99,0.0,0.0,0.0,345.99,0.0,345.99,345.99,345.99,1.0,0,0.0,8837.66,0.0,0.0,102113.97,15317.1,0.0,0.0,0.0,0,8837.66,0
Y1-02,TOTAL,8837.66,4166.67,0.0,0.0,0.0,0.0,0.0,0.0,0.0,0.0,0.0,0.0,27.12,0.0,1.06,0.0,0.0,0.0,347.05,345.99,347.05,1.003068,0,0.0,13031.45,0.0,0.0,102365.81,15354.87,0.0,0.0,0.0,0,13031.45,0
Y1-03,TOTAL,13031.45,4166.67,0.0,0.0,0.0,0.0,0.0,0.0,0.0,0.0,0.0,0.0,44.27,0.0,1.18,0.0,0.0,0.0,348.23,345.99,348.23,1.006476,0,0.0,17242.39,0.0,0.0,102618.27,15392.74,0.0,0.0,0.0,0,17242.39,0
Y1-04,TOTAL,17242.39,4166.67,0.0,0.0,0.0,0.0,0.0,0.0,0.0,0.0,0.0,0.0,56.69,0.0,1.14,0.0,0.0,0.0,349.38,345.99,349.38,1.009785,0,0.0,21465.74,0.0,0.0,102871.36,15430.7,0.0,0.0,0.0,0,21465.74,0
Y1-05,TOTAL,21465.74,4166.67,0.0,0.0,0.0,0.0,0.0,0.0,0.0,0.0,0.0,0.0,72.92,0.0,1.19,0.0,0.0,0.0,350.56,345.99,350.56,1.013216,0,0.0,25705.33,0.0,0.0,103125.07,15468.76,0.0,0.0,0.0,0,25705.33,0
Y1-06,TOTAL,25705.33,4166.67,0.0,0.0,0.0,0.0,0.0,0.0,0.0,0.0,0.0,0.0,84.51,0.0,1.15,0.0,0.0,0.0,351.71,345.99,351.71,1.016547,0,0.0,29956.51,0.0,0.0,103379.4,15506.91,0.0,0.0,0.0,0,29956.51,0
Y1-07,TOTAL,29956.51,4166.67,0.0,0.0,0.0,0.0,0.0,0.0,0.0,0.0,0.0,0.0,101.77,0.0,1.19,0.0,0.0,0.0,352.91,345.99,352.91,1.02,0,0.0,34224.95,0.0,0.0,103634.36,15545.15,0.0,0.0,0.0,0,34224.95,0
Y1-08,TOTAL,34224.95,4166.67,0.0,0.0,0.0,0.0,0.0,0.0,0.0,0.0,0.0,0.0,116.27,0.0,1.2,0.0,0.0,0.0,354.11,345.99,354.11,1.023465,0,0.0,38507.88,0.0,0.0,103889.95,15583.49,0.0,0.0,0.0,0,38507.88,0
Y1-09,TOTAL,38507.88,4166.67,0.0,0.0,0.0,0.0,0.0,0.0,0.0,0.0,0.0,0.0,126.6,0.0,1.16,0.0,0.0,0.0,355.27,345.99,355.27,1.02683,0,0.0,42801.15,0.0,0.0,104146.17,15621.93,0.0,0.0,0.0,0,42801.15,0
Y1-10,TOTAL,42801.15,4166.67,0.0,0.0,0.0,0.0,0.0,0.0,0.0,0.0,0.0,0.0,145.41,0.0,1.21,0.0,0.0,0.0,356.48,345.99,356.48,1.030319,0,0.0,47113.22,0.0,0.0,104403.02,15660.45,0.0,0.0,0.0,0,47113.22,0
Y1-11,TOTAL,47113.22,4166.67,0.0,0.0,0.0,0.0,0.0,0.0,0.0,0.0,0.0,0.0,154.89,0.0,1.17,0.0,0.0,0.0,357.65,345.99,357.65,1.033706,0,0.0,51434.78,0.0,0.0,104660.51,15699.08,0.0,0.0,0.0,0,51434.78,0
Y1-12,TOTAL,51434.78,4166.67,0.0,0.0,0.0,0.0,0.0,0.0,0.0,0.0,0.0,0.0,174.74,0.0,1.22,0.0,0.0,0.0,358.87,345.99,358.87,1.037218,0,0.0,55776.19,0.0,0.0,104918.63,15737.79,0.0,0.0,0.0,0,55776.19,0
Y2-01,TOTAL,55776.19,4166.67,0.0,0.0,0.0,0.0,0.0,0.0,0.0,0.0,0.0,0.0,189.49,0.0,1.22,0.0,0.0,0.0,360.09,345.99,360.09,1.040741,0,0.0,60132.34,0.0,0.0,104559.39,15683.91,0.0,0.0,0.0,0,60132.34,0
Y2-02,TOTAL,60132.34,4166.67,0.0,0.0,0.0,0.0,0.0,0.0,0.0,0.0,0.0,0.0,184.52,0.0,1.1,0.0,0.0,0.0,361.19,345.99,361.19,1.043935,0,0.0,64483.52,0.0,0.0,104817.26,15722.59,0.0,0.0,0.0,0,64483.52,0
Y2-03,TOTAL,64483.52,4166.67,0.0,0.0,0.0,0.0,0.0,0.0,0.0,0.0,0.0,0.0,219.07,0.0,1.23,0.0,0.0,0.0,362.42,345.99,362.42,1.047482,0,0.0,68869.26,0.0,0.0,105075.77,15761.37,0.0,0.0,0.0,0,68869.26,0
Y2-04,TOTAL,68869.26,4166.67,0.0,0.0,0.0,0.0,0.0,0.0,0.0,0.0,0.0,0.0,226.42,0.0,1.19,0.0,0.0,0.0,363.61,345.99,363.61,1.050925,0,0.0,73262.34,0.0,0.0,105334.91,15800.24,0.0,0.0,0.0,0,73262.34,0
Y2-05,TOTAL,73262.34,4166.67,0.0,0.0,0.0,0.0,0.0,0.0,0.0,0.0,0.0,0.0,248.89,0.0,1.24,0.0,0.0,0.0,364.84,345.99,364.84,1.054496,0,0.0,77677.9,0.0,0.0,105594.7,15839.2,0.0,0.0,0.0,0,77677.9,0
Y2-06,TOTAL,77677.9,4166.67,0.0,0.0,0.0,0.0,0.0,0.0,0.0,0.0,0.0,0.0,255.38,0.0,1.2,0.0,0.0,0.0,366.04,345.99,366.04,1.057962,0,0.0,82099.95,0.0,0.0,105855.12,15878.27,0.0,0.0,0.0,0,82099.95,0
Y2-07,TOTAL,82099.95,4166.67,0.0,0.0,0.0,0.0,0.0,0.0,0.0,0.0,0.0,0.0,278.91,0.0,1.24,0.0,0.0,0.0,367.29,345.99,367.29,1.061557,0,0.0,86545.53,0.0,0.0,106116.19,15917.43,0.0,0.0,0.0,0,86545.53,0
Y2-08,TOTAL,86545.53,4166.67,0.0,0.0,0.0,0.0,0.0,0.0,0.0,0.0,0.0,0.0,294.02,0.0,1.25,0.0,0.0,0.0,368.54,345.99,368.54,1.065163,0,0.0,91006.21,0.0,0.0,106377.9,15956.69,0.0,0.0,0.0,0,91006.21,0
Y2-09,TOTAL,91006.21,4166.67,0.0,0.0,0.0,0.0,0.0,0.0,0.0,0.0,0.0,0.0,299.2,0.0,1.21,0.0,0.0,0.0,369.75,345.99,369.75,1.068665,0,0.0,95472.08,0.0,0.0,106640.26,15996.04,0.0,0.0,0.0,0,95472.08,0
Y2-10,TOTAL,95472.08,4166.67,0.0,0.0,0.0,0.0,0.0,0.0,0.0,0.0,0.0,0.0,324.34,0.0,1.26,0.0,0.0,0.0,371.0,345.99,371.0,1.072295,0,0.0,99963.09,0.0,0.0,106903.26,16035.49,0.0,0.0,0.0,0,99963.09,0
Y2-11,TOTAL,99963.09,4166.67,0.0,0.0,0.0,0.0,0.0,0.0,0.0,0.0,0.0,0.0,328.65,0.0,1.22,0.0,0.0,0.0,372.22,345.99,372.22,1.075821,0,0.0,104458.4,0.0,0.0,107166.91,16075.04,0.0,0.0,0.0,0,104458.4,0
Y2-12,TOTAL,104458.4,4166.67,0.0,0.0,0.0,0.0,0.0,0.0,0.0,0.0,0.0,0.0,354.87,0.0,1.26,0.0,0.0,0.0,373.49,345.99,373.49,1.079476,0,0.0,108979.94,0.0,0.0,107431.22,16114.68,0.0,0.0,0.0,0,108979.94,0
Y3-01,TOTAL,108979.94,4166.67,0.0,0.0,0.0,0.0,0.0,0.0,0.0,0.0,0.0,0.0,370.23,0.0,1.27,0.0,0.0,0.0,374.76,345.99,374.76,1.083143,0,0.0,113516.84,0.0,0.0,107040.54,16056.08,0.0,0.0,0.0,0,113516.84,0
Y3-02,TOTAL,113516.84,4166.67,0.0,0.0,0.0,0.0,0.0,0.0,0.0,0.0,0.0,0.0,348.33,0.0,1.15,0.0,0.0,0.0,375.91,345.99,375.91,1.086466,0,0.0,118031.83,0.0,0.0,107304.53,16095.68,0.0,0.0,0.0,0,118031.83,0
Y3-03,TOTAL,118031.83,4166.67,0.0,0.0,0.0,0.0,0.0,0.0,0.0,0.0,0.0,0.0,400.98,0.0,1.28,0.0,0.0,0.0,377.18,345.99,377.18,1.090157,0,0.0,122599.48,0.0,0.0,107569.17,16135.38,0.0,0.0,0.0,0,122599.48,0
Y3-04,TOTAL,122599.48,4166.67,0.0,0.0,0.0,0.0,0.0,0.0,0.0,0.0,0.0,0.0,403.07,0.0,1.24,0.0,0.0,0.0,378.42,345.99,378.42,1.093742,0,0.0,127169.22,0.0,3159.59,107834.46,16175.17,0.0,124009.63,431337.85,428178.26,0.0,1
Y3-05,TOTAL,0.0,4166.67,7052.5,1410.5,352.62,901.76,359.45,404.38,2826.38,382.2,2444.18,797.4,0.0,0.0,1.29,4964.07,0.0,4964.07,379.71,27297.83,5343.78,0.195758,1,0.0,0.0,0.0,0.0,0.0,0.0,0.0,0.0,0.0,427796.07,0.0,1
Y3-06,TOTAL,0.0,4166.67,6825.0,1365.0,341.25,901.76,360.33,405.38,2826.38,384.38,2442.0,624.89,0.0,16.32,1.25,4791.56,0.0,9771.95,380.96,27309.13,10152.91,0.371777,1,0.0,0.0,0.0,0.0,0.0,0.0,0.0,0.0,0.0,427411.69,0.0,1
Y3-07,TOTAL,0.0,4166.67,7052.5,1410.5,352.62,901.76,361.22,406.38,2826.38,386.57,2439.81,793.63,0.0,33.2,1.29,4960.3,0.0,14765.44,382.25,27320.46,15147.69,0.554445,1,0.0,0.0,0.0,0.0,0.0,0.0,0.0,0.0,0.0,427025.12,0.0,1
Y3-08,TOTAL,0.0,4166.67,7052.5,1410.5,352.62,901.76,362.11,407.38,2826.38,388.78,2437.6,791.74,0.0,50.16,1.3,4958.4,0.0,19774.01,383.55,27331.82,20157.56,0.737512,1,0.0,0.0,0.0,0.0,0.0,0.0,0.0,0.0,0.0,426636.34,0.0,1
Y3-09,TOTAL,0.0,4166.67,6825.0,1365.0,341.25,901.76,363.01,408.38,2826.38,391.0,2435.38,619.21,0.0,65.01,1.26,4785.88,0.0,24624.9,384.81,27343.21,25009.71,0.914659,1,0.0,0.0,0.0,0.0,0.0,0.0,0.0,0.0,0.0,426245.34,0.0,1
Y3-10,TOTAL,0.0,4166.67,7052.5,1410.5,352.62,901.76,363.9,409.39,2826.38,393.23,2433.15,787.94,0.0,83.66,1.31,2300.08,0.0,27008.63,386.12,27354.62,27394.75,1.001467,0,0.0,2654.52,0.0,2654.52,136800.03,16416.0,0.0,0.0,0.0,423197.59,0.0,1
Y3-11,TOTAL,0.0,4166.67,6825.0,1365.0,341.25,901.76,364.8,410.4,2826.38,410.63,2415.75,615.4,0.0,88.8,1.27,0.0,0.0,27097.43,387.39,27366.07,27484.82,1.004339,0,0.0,4782.07,0.0,4782.07,137137.42,16456.49,0.0,0.0,0.0,418004.89,0.0,1
Y3-12,TOTAL,0.0,4166.67,7052.5,1410.5,352.62,901.76,365.7,411.41,2826.38,440.27,2386.11,784.12,0.0,92.06,1.32,0.0,0.0,27189.49,388.7,27377.54,27578.19,1.007329,0,0.0,4950.78,0.0,4950.78,137475.64,16497.08,0.0,0.0,0.0,412613.83,0.0,1
Y4-01,TOTAL,0.0,4166.67,7052.5,1410.5,352.62,928.82,366.6,412.43,2826.38,471.04,2355.34,755.15,0.0,92.37,1.32,0.0,0.0,27281.86,390.02,27551.35,27671.88,1.004375,0,206.7,5128.51,0.0,4921.81,136945.23,16433.43,0.0,0.0,0.0,407220.98,0.0,1
Y4-02,TOTAL,0.0,4166.67,6370.0,1274.0,318.5,928.82,367.51,413.44,2826.38,501.83,2324.55,241.35,0.0,83.71,1.2,0.0,0.0,27365.57,391.22,27562.88,27756.79,1.007035,0,4152.4,8560.42,0.0,4408.02,137282.98,16473.96,0.0,0.0,0.0,402311.13,0.0,1
Y4-03,TOTAL,0.0,4166.67,7052.5,1410.5,352.62,928.82,368.41,414.46,2826.38,529.85,2296.53,751.3,0.0,92.97,1.33,0.0,0.0,27458.54,392.55,27574.44,27851.09,1.010033,0,7744.7,12662.67,0.0,4917.97,137621.55,16514.59,0.0,0.0,0.0,396863.31,0.0,1
Y4-04,TOTAL,0.0,4166.67,6825.0,1365.0,341.25,928.82,369.32,415.49,2826.38,560.95,2265.43,578.74,0.0,90.27,1.29,0.0,0.0,27548.81,393.84,27586.02,27942.65,1.012928,0,11730.61,16476.03,0.0,4745.41,137960.97,16555.32,0.0,0.0,0.0,391556.94,0.0,1
Y4-05,TOTAL,0.0,4166.67,7052.5,1410.5,352.62,928.82,370.23,416.51,2826.38,591.24,2235.14,747.43,0.0,93.59,1.34,0.0,0.0,27642.4,395.18,27597.64,28037.58,1.015941,0,15613.03,20527.13,0.0,4914.1,138301.22,16596.15,0.0,0.0,0.0,386051.6,0.0,1
Y4-06,TOTAL,0.0,4166.67,6825.0,1365.0,341.25,928.82,371.14,417.54,2826.38,622.67,2203.71,574.87,0.0,90.88,1.3,0.0,0.0,27733.28,396.48,27609.28,28129.76,1.018852,0,19641.03,24382.57,0.0,4741.54,138642.3,16637.08,0.0,0.0,0.0,380687.4,0.0,1
Y4-07,TOTAL,0.0,4166.67,7052.5,1410.5,352.62,928.82,372.06,418.57,2826.38,653.29,2173.09,743.55,0.0,94.22,1.35,0.0,0.0,27827.5,397.82,27620.95,28225.33,1.021881,0,23565.77,28475.98,0.0,4910.22,138984.23,16678.11,0.0,0.0,0.0,375123.89,0.0,1
Y4-08,TOTAL,0.0,4166.67,7052.5,1410.5,352.62,928.82,372.98,419.6,2826.38,685.05,2141.33,741.6,0.0,94.54,1.35,0.0,0.0,27922.04,399.18,27632.65,28321.21,1.024919,0,27636.32,32544.59,0.0,4908.27,139327.01,16719.24,0.0,0.0,0.0,369530.58,0.0,1
Y4-09,TOTAL,0.0,4166.67,6825.0,1365.0,341.25,928.82,373.9,420.63,2826.38,716.98,2109.4,569.02,0.0,91.8,1.31,0.0,0.0,28013.84,400.49,27644.38,28414.32,1.027852,0,31728.68,36464.37,0.0,4735.69,139670.62,16760.47,0.0,0.0,0.0,364077.91,0.0,1
Y4-10,TOTAL,0.0,4166.67,7052.5,1410.5,352.62,928.82,374.82,421.67,2826.38,748.1,2078.28,737.68,0.0,95.17,1.36,0.0,0.0,28109.01,401.85,27656.13,28510.86,1.030905,0,35718.14,40622.49,0.0,4904.35,140015.09,16801.81,0.0,0.0,0.0,358425.46,0.0,1
Y4-11,TOTAL,0.0,4166.67,6825.0,1365.0,341.25,928.82,375.74,422.71,2826.38,780.37,2046.01,565.09,0.0,92.41,1.32,0.0,0.0,28201.42,403.17,27667.92,28604.59,1.033854,0,39853.77,44585.54,0.0,4731.76,140360.4,16843.25,0.0,0.0,0.0,352913.33,0.0,1
Y4-12,TOTAL,0.0,4166.67,7052.5,1410.5,352.62,928.82,376.67,423.75,2826.38,811.83,2014.55,733.75,0.0,95.81,1.37,0.0,0.0,28297.23,404.54,27679.74,28701.77,1.036923,0,43886.74,48787.16,0.0,4900.42,140706.57,16884.79,0.0,0.0,0.0,347201.08,0.0,1
Y5-01,TOTAL,0.0,4166.67,7052.5,1410.5,352.62,956.68,377.6,424.8,2826.38,844.44,1981.94,703.91,0.0,96.13,1.37,0.0,0.0,28393.36,405.91,27858.77,28799.27,1.03376,0,57067.34,61937.92,0.0,4870.58,140131.19,16815.74,0.0,0.0,0.0,341486.06,0.0,1
Y5-02,TOTAL,0.0,4166.67,6370.0,1274.0,318.5,956.68,378.53,425.85,2826.38,877.06,1949.32,190.06,0.0,87.12,1.25,0.0,0.0,28480.48,407.16,27870.64,28887.64,1.03649,0,61248.75,65605.48,0.0,4356.72,140476.79,16857.21,0.0,0.0,0.0,336252.27,0.0,1
Y5-03,TOTAL,0.0,4166.67,7052.5,1410.5,352.62,956.68,379.46,426.9,2826.38,906.94,1919.44,699.95,0.0,96.76,1.38,0.0,0.0,28577.24,408.54,27882.54,28985.78,1.039567,0,65078.07,69944.69,0.0,4866.62,140823.24,16898.79,0.0,0.0,0.0,330478.71,0.0,1
Y5-04,TOTAL,0.0,4166.67,6825.0,1365.0,341.25,956.68,380.4,427.95,2826.38,939.9,1886.48,527.34,0.0,93.95,1.34,0.0,0.0,28671.19,409.89,27894.48,29081.08,1.042539,0,69302.31,73996.31,0.0,4694.0,141170.55,16940.47,0.0,0.0,0.0,324844.81,0.0,1
Y5-05,TOTAL,0.0,4166.67,7052.5,1410.5,352.62,956.68,381.34,429.01,2826.38,972.06,1854.32,695.97,0.0,97.4,1.39,0.0,0.0,28768.6,411.28,27906.44,29179.88,1.045632,0,73424.37,78287.0,0.0,4862.63,141518.71,16982.25,0.0,0.0,0.0,319010.12,0.0,1
Y5-06,TOTAL,0.0,4166.67,6825.0,1365.0,341.25,956.68,382.28,430.06,2826.38,1005.36,1821.02,523.34,0.0,94.58,1.35,0.0,0.0,28863.18,412.63,27918.43,29275.81,1.04862,0,77693.34,82383.35,0.0,4690.01,141867.74,17024.13,0.0,0.0,0.0,313314.74,0.0,1
Y5-07,TOTAL,0.0,4166.67,7052.5,1410.5,352.62,956.68,383.22,431.12,2826.38,1037.88,1788.5,691.96,0.0,98.06,1.4,0.0,0.0,28961.23,414.03,27930.45,29375.27,1.051729,0,81860.37,86719.01,0.0,4858.63,142217.62,17066.11,0.0,0.0,0.0,307418.24,0.0,1
Y5-08,TOTAL,0.0,4166.67,7052.5,1410.5,352.62,956.68,384.17,432.19,2826.38,1071.54,1754.85,689.96,0.0,98.39,1.41,0.0,0.0,29059.62,415.44,27942.5,29475.06,1.054847,0,86174.57,91031.19,0.0,4856.62,142568.37,17108.2,0.0,0.0,0.0,301490.08,0.0,1
Y5-09,TOTAL,0.0,4166.67,6825.0,1365.0,341.25,956.68,385.11,433.25,2826.38,1105.38,1721.01,517.32,0.0,95.54,1.37,0.0,0.0,29155.16,416.81,27954.58,29571.97,1.057858,0,90511.92,95195.91,0.0,4683.98,142919.98,17150.4,0.0,0.0,0.0,295700.72,0.0,1
Y5-10,TOTAL,0.0,4166.67,7052.5,1410.5,352.62,956.68,386.06,434.32,2826.38,1138.42,1687.96,685.92,0.0,99.05,1.42,0.0,0.0,29254.21,418.22,27966.69,29672.43,1.060992,0,94747.73,99600.32,0.0,4852.59,143272.46,17192.7,0.0,0.0,0.0,289709.7,0.0,1
Y5-11,TOTAL,0.0,4166.67,6825.0,1365.0,341.25,956.68,387.02,435.39,2826.38,1172.62,1653.76,513.28,0.0,96.18,1.37,0.0,0.0,29350.39,419.6,27978.83,29769.98,1.064018,0,99131.07,103811.01,0.0,4679.94,143625.81,17235.1,0.0,0.0,0.0,283857.14,0.0,1
Y5-12,TOTAL,0.0,4166.67,7052.5,1410.5,352.62,956.68,387.97,436.47,2826.38,1206.03,1620.35,681.87,0.0,99.71,1.43,0.0,0.0,29450.1,421.02,27991.0,29871.12,1.067169,0,103413.11,108261.65,0.0,4848.54,143980.03,17277.6,0.0,0.0,0.0,277802.57,0.0,1
Y6-01,TOTAL,0.0,4166.67,7052.5,1410.5,352.62,985.38,388.93,437.54,2826.38,1240.59,1585.79,651.14,0.0,100.05,1.43,0.0,0.0,29550.15,422.45,28175.4,29972.6,1.063786,0,117114.21,121932.02,0.0,4817.81,143356.54,17202.78,0.0,0.0,0.0,271744.17,0.0,1
Y6-02,TOTAL,0.0,4166.67,6370.0,1274.0,318.5,985.38,389.89,438.62,2826.38,1275.17,1551.21,137.23,0.0,90.67,1.3,0.0,0.0,29640.82,423.75,28187.63,30064.57,1.066587,0,121546.85,125850.75,0.0,4303.89,143710.1,17245.21,0.0,0.0,0.0,266165.1,0.0,1
Y6-03,TOTAL,0.0,4166.67,7052.5,1410.5,352.62,985.38,390.85,439.7,2826.38,1307.02,1519.36,647.06,0.0,100.7,1.44,0.0,0.0,29741.52,425.19,28199.89,30166.71,1.069746,0,125628.79,130442.52,0.0,4813.72,144064.52,17287.74,0.0,0.0,0.0,260044.36,0.0,1
Y6-04,TOTAL,0.0,4166.67,6825.0,1365.0,341.25,985.38,391.81,440.79,2826.38,1341.96,1484.42,474.38,0.0,97.78,1.4,0.0,0.0,29839.3,426.59,28212.18,30265.89,1.072795,0,130107.06,134748.11,0.0,4641.05,144419.83,17330.38,0.0,0.0,0.0,254061.34,0.0,1
Y6-05,TOTAL,0.0,4166.67,7052.5,1410.5,352.62,985.38,392.78,441.88,2826.38,1376.11,1450.27,642.96,0.0,101.37,1.45,0.0,0.0,29940.67,428.03,28224.5,30368.71,1.07597,0,134484.54,139294.17,0.0,4809.62,144776.0,17373.12,0.0,0.0,0.0,247875.61,0.0,1
Y6-06,TOTAL,0.0,4166.67,6825.0,1365.0,341.25,985.38,393.75,442.97,2826.38,1411.42,1414.96,470.27,0.0,98.44,1.41,0.0,0.0,30039.11,429.44,28236.85,30468.55,1.079035,0,139010.36,143647.3,0.0,4636.94,145133.06,17415.97,0.0,0.0,0.0,241827.24,0.0,1
Y6-07,TOTAL,0.0,4166.67,7052.5,1410.5,352.62,985.38,394.72,444.06,2826.38,1445.95,1380.43,638.83,0.0,102.05,1.46,0.0,0.0,30141.16,430.9,28249.23,30572.06,1.082226,0,143435.66,148241.16,0.0,4805.5,145491.0,17458.92,0.0,0.0,0.0,235575.79,0.0,1
Y6-08,TOTAL,0.0,4166.67,7052.5,1410.5,352.62,985.38,395.69,445.15,2826.38,1481.64,1344.75,636.77,0.0,102.4,1.46,0.0,0.0,30243.56,432.37,28261.65,30675.92,1.085426,0,148009.55,152812.98,0.0,4803.43,145849.82,17501.98,0.0,0.0,0.0,229290.72,0.0,1
Y6-09,TOTAL,0.0,4166.67,6825.0,1365.0,341.25,985.38,396.67,446.25,2826.38,1517.51,1308.87,464.07,0.0,99.43,1.42,0.0,0.0,30342.99,433.79,28274.09,30776.77,1.088515,0,152608.04,157238.77,0.0,4630.73,146209.52,17545.14,0.0,0.0,0.0,223142.48,0.0,1
Y6-10,TOTAL,0.0,4166.67,7052.5,1410.5,352.62,985.38,397.65,447.35,2826.38,1552.61,1273.77,632.61,0.0,103.08,1.47,0.0,0.0,30446.07,435.26,28286.56,30881.33,1.091731,0,157106.42,161905.7,0.0,4799.28,146570.12,17588.41,0.0,0.0,0.0,216790.59,0.0,1
Y6-11,TOTAL,0.0,4166.67,6825.0,1365.0,341.25,985.38,398.63,448.46,2826.38,1588.87,1237.51,459.9,0.0,100.1,1.43,0.0,0.0,30546.17,436.69,28299.07,30982.86,1.094837,0,161753.8,166380.37,159936.82,0.0,146931.6,17631.79,0.0,164563.39,440794.79,655996.51,0.0,2
Y6-12,TOTAL,0.0,4166.67,14105.0,2821.0,705.25,1970.77,791.43,890.36,5714.73,1970.08,3744.65,1211.47,0.0,103.77,1.48,5378.14,0.0,36028.08,438.17,56549.66,36466.25,0.644854,1,162916.3,162916.3,0.0,0.0,0.0,0.0,0.0,0.0,0.0,654026.43,0.0,2
Y7-01,TOTAL,0.0,4166.67,14105.0,2821.0,705.25,2029.89,793.38,892.55,5714.73,1981.33,3733.4,1148.2,0.0,122.4,1.49,5314.87,0.0,41465.34,439.66,56929.29,41905.0,0.736089,1,173634.82,173634.82,0.0,0.0,0.0,0.0,0.0,0.0,0.0,652045.1,0.0,2
Y7-02,TOTAL,0.0,4166.67,12740.0,2548.0,637.0,2029.89,795.34,894.75,5714.73,1992.64,3722.09,120.29,0.0,127.24,1.35,4286.96,0.0,45879.53,441.01,56954.24,46320.55,0.813294,1,174810.63,174810.63,0.0,0.0,0.0,0.0,0.0,0.0,0.0,650052.46,0.0,2
Y7-03,TOTAL,0.0,4166.67,14105.0,2821.0,705.25,2029.89,797.3,896.96,5714.73,2004.01,3710.72,1139.87,0.0,155.86,1.5,5306.54,0.0,51341.94,442.51,56979.25,51784.45,0.90883,1,175993.16,175993.16,0.0,0.0,0.0,0.0,0.0,0.0,0.0,648048.45,0.0,2
Y7-04,TOTAL,0.0,4166.67,13650.0,2730.0,682.5,2029.89,799.26,899.17,5714.73,2015.45,3699.28,794.45,0.0,168.8,1.45,4961.11,0.0,56471.85,443.97,57004.32,56915.81,0.998447,1,177182.43,177182.43,0.0,0.0,0.0,0.0,0.0,0.0,0.0,646033.0,0.0,2
Y7-05,TOTAL,0.0,4166.67,14105.0,2821.0,705.25,2029.89,801.24,901.39,5714.73,2026.96,3687.77,1131.51,0.0,191.85,1.51,19.76,0.0,56683.46,445.47,57029.45,57128.93,1.001744,0,180817.14,186095.55,160560.92,0.0,148070.83,17768.5,0.0,165839.33,444212.49,1088218.53,0.0,3
Y7-06,TOTAL,0.0,4166.67,20475.0,4095.0,1023.75,3044.83,1198.07,1347.83,8625.47,2413.56,6211.91,1140.05,0.0,186.36,1.46,5306.72,0.0,62176.53,446.94,85643.18,62623.47,0.731214,1,182300.17,182300.17,0.0,0.0,0.0,0.0,0.0,0.0,0.0,1085804.97,0.0,3
Y7-07,TOTAL,0.0,4166.67,21157.5,4231.5,1057.88,3044.83,1201.02,1351.15,8625.47,2427.34,6198.14,1645.65,0.0,211.23,1.52,5812.31,0.0,68200.08,448.46,85680.85,68648.54,0.801212,1,183791.66,183791.66,0.0,0.0,0.0,0.0,0.0,0.0,0.0,1083377.63,0.0,3
Y7-08,TOTAL,0.0,4166.67,21157.5,4231.5,1057.88,3044.83,1203.98,1354.48,8625.47,2441.19,6184.28,1639.35,0.0,231.69,1.52,5806.02,0.0,74237.79,449.98,85718.62,74687.77,0.871313,1,185291.67,185291.67,0.0,0.0,0.0,0.0,0.0,0.0,0.0,1080936.44,0.0,3
Y7-09,TOTAL,0.0,4166.67,20475.0,4095.0,1023.75,3044.83,1206.95,1357.82,8625.47,2455.13,6170.35,1121.17,0.0,244.07,1.48,5287.84,0.0,79769.7,451.46,85756.48,80221.16,0.935453,1,186800.24,186800.24,0.0,0.0,0.0,0.0,0.0,0.0,0.0,1078481.31,0.0,3
Y7-10,TOTAL,0.0,4166.67,21157.5,4231.5,1057.88,3044.83,1209.93,1361.17,8625.47,2469.14,6156.33,1626.72,0.0,271.0,1.53,5407.74,0.0,85448.44,452.99,85794.43,85901.43,1.001247,0,188317.43,188703.07,167508.82,0.0,149905.77,17988.69,0.0,167894.46,449717.31,1525729.49,0.0,4
Y7-11,TOTAL,0.0,4166.67,27300.0,5460.0,1365.0,4059.78,1612.66,1814.25,11572.29,2862.91,8709.37,1416.03,0.0,280.93,1.49,5582.69,0.0,91312.06,454.48,114699.82,91766.54,0.800058,1,189843.27,189843.27,0.0,0.0,0.0,0.0,0.0,0.0,0.0,1522866.57,0.0,4
Y7-12,TOTAL,0.0,4166.67,28210.0,5642.0,1410.5,4059.78,1616.64,1818.72,11572.29,2879.26,8693.03,2090.08,0.0,310.21,1.54,6256.74,0.0,97879.01,456.03,114750.53,98335.04,0.856946,1,191377.82,191377.82,0.0,0.0,0.0,0.0,0.0,0.0,0.0,1519987.32,0.0,4
Y8-01,TOTAL,0.0,4166.67,28210.0,5642.0,1410.5,4181.57,1620.63,1823.21,11572.29,2895.69,8676.59,1959.81,0.0,332.52,1.55,6126.48,0.0,104338.01,457.58,115532.13,104795.59,0.907069,1,220248.39,220248.39,0.0,0.0,0.0,0.0,0.0,0.0,0.0,1517091.62,0.0,4
Y8-02,TOTAL,0.0,4166.67,25480.0,5096.0,1274.0,4181.57,1624.62,1827.7,11572.29,2912.22,8660.06,-96.18,0.0,320.16,1.4,4070.48,0.0,108728.66,458.98,115583.09,109187.64,0.944668,1,222086.06,222086.06,0.0,0.0,0.0,0.0,0.0,0.0,0.0,1514179.4,0.0,4
Y8-03,TOTAL,0.0,4166.67,28210.0,5642.0,1410.5,4181.57,1628.63,1832.21,11572.29,2928.85,8643.44,1942.8,0.0,369.38,1.56,6109.47,0.0,115207.5,460.54,115634.18,115668.04,1.000293,0,223934.22,223934.22,168735.41,0.0,150656.61,18078.79,0.0,168735.41,451969.84,1963220.39,0.0,5
Y8-04,TOTAL,0.0,4166.67,34125.0,6825.0,1706.25,5226.96,2034.4,2288.7,14533.86,3327.14,11206.72,1509.83,0.0,378.76,1.51,5676.5,0.0,121262.76,462.05,144849.51,121724.82,0.840354,1,229089.82,229089.82,0.0,0.0,0.0,0.0,0.0,0.0,0.0,1959893.25,0.0,5
Y8-05,TOTAL,0.0,4166.67,35262.5,7052.5,1763.12,5226.96,2039.42,2294.34,14533.86,3346.14,11187.72,2352.29,0.0,411.96,1.57,6518.96,0.0,128193.68,463.62,144913.48,128657.31,0.887822,1,231244.95,231244.95,0.0,0.0,0.0,0.0,0.0,0.0,0.0,1956547.11,0.0,5
Y8-06,TOTAL,0.0,4166.67,34125.0,6825.0,1706.25,5226.96,2044.45,2300.0,14533.86,3365.24,11168.62,1488.48,0.0,421.46,1.52,5655.15,0.0,134270.29,465.15,144977.61,134735.44,0.929353,1,233412.38,233412.38,0.0,0.0,0.0,0.0,0.0,0.0,0.0,1953181.87,0.0,5
Y8-07,TOTAL,0.0,4166.67,35262.5,7052.5,1763.12,5226.96,2049.49,2305.67,14533.86,3384.45,11149.41,2330.89,0.0,456.15,1.58,6497.56,0.0,141224.0,466.73,145041.9,141690.72,0.976895,1,235592.19,235592.19,0.0,0.0,0.0,0.0,0.0,0.0,0.0,1949797.43,0.0,5
Y8-08,TOTAL,0.0,4166.67,35262.5,7052.5,1763.12,5226.96,2054.54,2311.36,14533.86,3403.77,11130.09,2320.15,0.0,479.77,1.59,3056.59,0.0,144760.36,468.31,145106.35,145228.67,1.000843,0,237784.44,241214.67,167396.2,0.0,152523.6,18302.83,0.0,170826.43,457570.79,2403964.45,0.0,6
Y8-09,TOTAL,0.0,4166.67,40950.0,8190.0,2047.5,6272.36,2466.34,2774.63,17532.14,3809.51,13722.63,1667.04,0.0,475.92,1.54,5833.7,0.0,151069.99,469.85,174618.76,151539.84,0.867833,1,239989.2,239989.2,0.0,0.0,0.0,0.0,0.0,0.0,0.0,2400154.95,0.0,6
Y8-10,TOTAL,0.0,4166.67,42315.0,8463.0,2115.75,6272.36,2472.42,2781.47,17532.14,3831.25,13700.88,2677.86,0.0,513.22,1.6,6844.53,0.0,158427.74,471.45,174696.31,158899.19,0.909574,1,242206.55,242206.55,0.0,0.0,0.0,0.0,0.0,0.0,0.0,2396323.7,0.0,6
Y8-11,TOTAL,0.0,4166.67,40950.0,8190.0,2047.5,6272.36,2478.52,2788.33,17532.14,3853.12,13679.01,1641.16,0.0,520.86,1.55,5807.82,0.0,164756.42,473.0,174774.06,165229.42,0.945389,1,244436.56,244436.56,0.0,0.0,0.0,0.0,0.0,0.0,0.0,2392470.58,0.0,6
Y8-12,TOTAL,0.0,4166.67,42315.0,8463.0,2115.75,6272.36,2484.63,2795.21,17532.14,3875.12,13657.02,2651.92,0.0,559.72,1.61,6818.58,0.0,172134.72,474.61,174852.0,172609.33,0.987174,1,246679.29,246679.29,0.0,0.0,0.0,0.0,0.0,0.0,0.0,2388595.46,0.0,6
Y9-01,TOTAL,0.0,4166.67,42315.0,8463.0,2115.75,6460.53,2490.76,2802.1,17532.14,3897.24,13634.9,2450.72,0.0,584.79,1.61,2993.65,0.0,175713.16,476.22,176059.15,176189.38,1.00074,0,298945.45,302569.19,168010.93,0.0,153245.24,18389.43,0.0,171634.67,459735.73,2844433.96,0.0,7
Y9-02,TOTAL,0.0,4166.67,44590.0,8918.0,2229.5,7537.28,2905.56,3268.75,20544.6,4307.62,16236.98,-813.69,0.0,539.17,1.46,3352.98,0.0,179605.32,477.68,205883.1,180083.0,0.874686,1,306514.29,306514.29,0.0,0.0,0.0,0.0,0.0,0.0,0.0,2840126.34,0.0,7
Y9-03,TOTAL,0.0,4166.67,49367.5,9873.5,2468.38,7537.28,2912.72,3276.81,20544.6,4332.21,16212.39,2754.21,0.0,610.17,1.62,6920.88,0.0,187136.36,479.3,205974.47,187615.66,0.910869,1,309381.99,309381.99,0.0,0.0,0.0,0.0,0.0,0.0,0.0,2835794.13,0.0,7
Y9-04,TOTAL,0.0,4166.67,47775.0,9555.0,2388.75,7537.28,2919.91,3284.89,20544.6,4356.94,16187.66,1544.57,0.0,615.24,1.58,5711.24,0.0,193462.84,480.88,206066.06,193943.72,0.941173,1,312266.06,312266.06,0.0,0.0,0.0,0.0,0.0,0.0,0.0,2831437.19,0.0,7
Y9-05,TOTAL,0.0,4166.67,49367.5,9873.5,2468.38,7537.28,2927.11,3293.0,20544.6,4381.81,16162.79,2723.64,0.0,657.24,1.63,6890.31,0.0,201010.4,482.51,206157.87,201492.91,0.977372,1,315166.6,315166.6,0.0,0.0,0.0,0.0,0.0,0.0,0.0,2827055.38,0.0,7
Y9-06,TOTAL,0.0,4166.67,47775.0,9555.0,2388.75,7537.28,2934.33,3301.12,20544.6,4406.82,16137.77,1513.93,0.0,660.86,1.59,4232.67,0.0,205903.93,484.1,206249.92,206388.02,1.00067,0,318083.69,319531.61,0.0,1447.92,0.0,0.0,0.0,0.0,0.0,2821200.64,0.0,7
Y9-07,TOTAL,0.0,4166.67,49367.5,9873.5,2468.38,7537.28,2941.56,3309.26,20544.6,4440.24,16104.35,2692.93,0.0,699.51,1.64,0.0,0.0,206603.44,485.74,206342.19,207089.18,1.00362,0,321017.43,327877.02,0.0,6859.59,0.0,0.0,0.0,0.0,0.0,2809900.8,0.0,7
Y9-08,TOTAL,0.0,4166.67,49367.5,9873.5,2468.38,7537.28,2948.82,3317.42,20544.6,4504.75,16039.85,2677.51,0.0,701.89,1.65,0.0,0.0,207305.32,487.39,206434.68,207792.71,1.006579,0,323967.92,330812.1,0.0,6844.18,0.0,0.0,0.0,0.0,0.0,2798551.88,0.0,7
Y9-09,TOTAL,0.0,4166.67,47775.0,9555.0,2388.75,7537.28,2956.09,3325.6,20544.6,4569.53,15975.07,1467.68,0.0,681.55,1.6,0.0,0.0,207986.87,489.0,206527.41,208475.87,1.009434,0,331942.81,337577.16,0.0,5634.35,0.0,0.0,0.0,0.0,0.0,2788348.0,0.0,7
Y9-10,TOTAL,0.0,4166.67,49367.5,9873.5,2468.38,7537.28,2963.38,3333.8,20544.6,4627.78,15916.82,2646.56,0.0,706.59,1.66,0.0,0.0,208693.46,490.66,206620.36,209184.11,1.012408,0,334955.67,341768.9,0.0,6813.23,0.0,0.0,0.0,0.0,0.0,2776907.0,0.0,7
Y9-11,TOTAL,0.0,4166.67,47775.0,9555.0,2388.75,7537.28,2970.69,3342.03,20544.6,4693.09,15851.51,1436.66,0.0,686.12,1.61,0.0,0.0,209379.57,492.27,206713.55,209871.84,1.015279,0,342970.64,348573.97,0.0,5603.32,0.0,0.0,0.0,0.0,0.0,2766610.59,0.0,7
Y9-12,TOTAL,0.0,4166.67,49367.5,9873.5,2468.38,7537.28,2978.02,3350.27,20544.6,4751.86,15792.74,2615.46,0.0,711.32,1.67,0.0,0.0,210090.89,493.94,206806.96,210584.83,1.018268,0,350146.14,356928.27,0.0,6782.13,0.0,0.0,0.0,0.0,0.0,2755076.6,0.0,7
Y10-01,TOTAL,0.0,4166.67,49367.5,9873.5,2468.38,7763.4,2985.36,3358.53,20544.6,4817.7,15726.9,2373.74,0.0,713.73,1.68,0.0,0.0,210804.62,495.62,208257.31,211300.24,1.014611,0,442517.36,449057.77,0.0,6540.4,0.0,0.0,0.0,0.0,0.0,2743718.49,0.0,7
Y10-02,TOTAL,0.0,4166.67,44590.0,8918.0,2229.5,7763.4,2992.72,3366.81,20544.6,4882.54,15662.06,-1225.03,0.0,646.85,1.52,0.0,0.0,211451.48,497.14,208351.19,211948.62,1.017266,0,450827.55,453769.19,0.0,2941.63,0.0,0.0,0.0,0.0,0.0,2735894.32,0.0,7
Y10-03,TOTAL,0.0,4166.67,49367.5,9873.5,2468.38,7763.4,3000.1,3375.12,20544.6,4927.2,15617.4,2342.41,0.0,718.36,1.69,0.0,0.0,212169.83,498.83,208445.29,212668.66,1.020261,0,456552.13,463061.2,0.0,6509.07,0.0,0.0,0.0,0.0,0.0,2724458.05,0.0,7
Y10-04,TOTAL,0.0,4166.67,47775.0,9555.0,2388.75,7763.4,3007.5,3383.44,20544.6,4992.48,15552.11,1132.31,0.0,697.54,1.64,0.0,0.0,212867.38,500.47,208539.63,213367.85,1.023153,0,464919.51,470218.49,0.0,5298.98,0.0,0.0,0.0,0.0,0.0,2714166.59,0.0,7
Y10-05,TOTAL,0.0,4166.67,49367.5,9873.5,2468.38,7763.4,3014.92,3391.79,20544.6,5051.23,15493.37,2310.92,0.0,723.17,1.7,0.0,0.0,213590.54,502.17,208634.2,214092.71,1.026163,0,472449.29,478926.87,0.0,6477.59,0.0,0.0,0.0,0.0,0.0,2702637.77,0.0,7
Y10-06,TOTAL,0.0,4166.67,47775.0,9555.0,2388.75,7763.4,3022.36,3400.15,20544.6,5117.04,15427.56,1100.75,0.0,702.22,1.65,0.0,0.0,214292.76,503.82,208729.01,214796.58,1.029069,0,480884.38,486151.79,0.0,5267.41,0.0,0.0,0.0,0.0,0.0,2692253.32,0.0,7
Y10-07,TOTAL,0.0,4166.67,49367.5,9873.5,2468.38,7763.4,3029.81,3408.54,20544.6,5176.32,15368.28,2279.28,0.0,728.01,1.71,0.0,0.0,215020.77,505.53,208824.04,215526.3,1.032095,0,488482.19,494928.14,0.0,6445.95,0.0,0.0,0.0,0.0,0.0,2680631.05,0.0,7
Y10-08,TOTAL,0.0,4166.67,49367.5,9873.5,2468.38,7763.4,3037.28,3416.94,20544.6,5242.66,15301.94,2263.4,0.0,730.48,1.72,0.0,0.0,215751.25,507.25,208919.32,216258.5,1.035129,0,496985.66,503415.73,0.0,6430.07,0.0,0.0,0.0,0.0,0.0,2668958.32,0.0,7
Y10-09,TOTAL,0.0,4166.67,47775.0,9555.0,2388.75,7763.4,3044.77,3425.37,20544.6,5309.29,15235.3,1053.11,0.0,709.32,1.67,0.0,0.0,216460.57,508.92,209014.82,216969.49,1.038058,0,505526.04,510745.82,0.0,5219.78,0.0,0.0,0.0,0.0,0.0,2658429.25,0.0,7
Y10-10,TOTAL,0.0,4166.67,49367.5,9873.5,2468.38,7763.4,3052.28,3433.82,20544.6,5369.4,15175.2,2231.53,0.0,735.37,1.73,0.0,0.0,217195.94,510.65,209110.57,217706.59,1.041108,0,513229.67,519627.86,0.0,6398.2,0.0,0.0,0.0,0.0,0.0,2646661.66,0.0,7
Y10-11,TOTAL,0.0,4166.67,47775.0,9555.0,2388.75,7763.4,3059.81,3442.29,20544.6,5436.57,15108.03,1021.16,0.0,714.07,1.68,0.0,0.0,217910.01,512.33,209206.54,218422.33,1.044051,0,521839.46,527027.28,0.0,5187.82,0.0,0.0,0.0,0.0,0.0,2636037.26,0.0,7
Y10-12,TOTAL,0.0,4166.67,49367.5,9873.5,2468.38,7763.4,3067.36,3450.78,20544.6,5497.22,15047.38,2199.5,0.0,740.3,1.74,0.0,0.0,218650.31,514.07,209302.76,219164.37,1.047116,0,529612.83,535978.99,0.0,6366.16,0.0,0.0,0.0,0.0,0.0,2624173.88,0.0,7
Y11-01,TOTAL,0.0,4166.67,49367.5,9873.5,2468.38,7996.3,3074.92,3459.29,20544.6,5564.94,14979.66,1950.52,0.0,742.81,1.75,0.0,0.0,219393.12,515.81,210796.63,219908.93,1.043228,0,611592.62,617709.81,0.0,6117.19,0.0,0.0,0.0,0.0,0.0,2612491.76,0.0,7
Y11-02,TOTAL,0.0,4166.67,44590.0,8918.0,2229.5,7996.3,3082.5,3467.82,20544.6,5631.62,14912.97,-1648.72,0.0,673.21,1.58,0.0,0.0,220066.32,517.4,210893.32,220583.72,1.045949,0,620139.88,622657.83,0.0,2517.95,0.0,0.0,0.0,0.0,0.0,2604342.19,0.0,7
Y11-03,TOTAL,0.0,4166.67,49367.5,9873.5,2468.38,7996.3,3090.11,3476.37,20544.6,5678.14,14866.45,1918.25,0.0,747.62,1.76,0.0,0.0,220813.95,519.15,210990.25,221333.1,1.049021,0,626102.54,632187.45,0.0,6084.92,0.0,0.0,0.0,0.0,0.0,2592579.13,0.0,7
Y11-04,TOTAL,0.0,4166.67,47775.0,9555.0,2388.75,7996.3,3097.73,3484.94,20544.6,5745.29,14799.31,707.68,0.0,725.96,1.71,0.0,0.0,221539.91,520.86,211087.41,222060.77,1.051985,0,634709.01,639583.36,0.0,4874.35,0.0,0.0,0.0,0.0,0.0,2581959.5,0.0,7
Y11-05,TOTAL,0.0,4166.67,49367.5,9873.5,2468.38,7996.3,3105.37,3493.54,20544.6,5805.91,14738.69,1885.82,0.0,752.63,1.77,0.0,0.0,222292.54,522.63,211184.82,222815.17,1.055072,0,642478.9,648531.38,0.0,6052.49,0.0,0.0,0.0,0.0,0.0,2570101.1,0.0,7
Y11-06,TOTAL,0.0,4166.67,47775.0,9555.0,2388.75,7996.3,3113.03,3502.15,20544.6,5873.6,14670.99,675.17,0.0,730.82,1.72,0.0,0.0,223023.36,524.35,211282.47,223547.71,1.058051,0,651155.13,655996.96,0.0,4841.84,0.0,0.0,0.0,0.0,0.0,2559385.66,0.0,7
Y11-07,TOTAL,0.0,4166.67,49367.5,9873.5,2468.38,7996.3,3120.7,3510.79,20544.6,5934.77,14609.83,1853.23,0.0,757.67,1.78,0.0,0.0,223781.03,526.13,211380.36,224307.16,1.061154,0,658995.11,665015.01,0.0,6019.9,0.0,0.0,0.0,0.0,0.0,2547430.99,0.0,7
Y11-08,TOTAL,0.0,4166.67,49367.5,9873.5,2468.38,7996.3,3128.4,3519.45,20544.6,6003.01,14541.59,1836.88,0.0,760.24,1.79,0.0,0.0,224541.28,527.92,211478.49,225069.19,1.064265,0,667741.77,673745.32,0.0,6003.54,0.0,0.0,0.0,0.0,0.0,2535424.44,0.0,7
Y11-09,TOTAL,0.0,4166.67,47775.0,9555.0,2388.75,7996.3,3136.12,3528.13,20544.6,6071.55,14473.05,626.1,0.0,738.22,1.74,0.0,0.0,225279.49,529.65,211576.86,225809.14,1.067268,0,676526.4,681319.17,0.0,4792.77,0.0,0.0,0.0,0.0,0.0,2524560.12,0.0,7
Y11-10,TOTAL,0.0,4166.67,49367.5,9873.5,2468.38,7996.3,3143.85,3536.83,20544.6,6133.57,14411.03,1804.04,0.0,765.33,1.8,0.0,0.0,226044.83,531.45,211675.48,226576.28,1.070395,0,684475.31,690446.02,0.0,5970.71,0.0,0.0,0.0,0.0,0.0,2512455.84,0.0,7
Y11-11,TOTAL,0.0,4166.67,47775.0,9555.0,2388.75,7996.3,3151.6,3545.55,20544.6,6202.66,14341.94,593.19,0.0,743.16,1.75,0.0,0.0,226787.99,533.2,211774.33,227321.19,1.073412,0,693331.44,698091.3,0.0,4759.86,0.0,0.0,0.0,0.0,0.0,2501493.32,0.0,7
Y11-12,TOTAL,0.0,4166.67,49367.5,9873.5,2468.38,7996.3,3159.38,3554.3,20544.6,6265.24,14279.36,1771.05,0.0,770.46,1.81,0.0,0.0,227558.44,535.01,211873.44,228093.45,1.076555,0,701352.2,707289.92,0.0,5937.72,0.0,0.0,0.0,0.0,0.0,2489290.37,0.0,7
Y12-01,TOTAL,0.0,4166.67,49367.5,9873.5,2468.38,8236.19,3167.17,3563.06,20544.6,6334.9,14209.7,1514.6,0.0,773.08,1.82,0.0,0.0,228331.52,536.83,213412.12,228868.35,1.072424,0,785779.44,791460.72,0.0,5681.27,0.0,0.0,0.0,0.0,0.0,2477274.2,0.0,7
Y12-02,TOTAL,0.0,4166.67,44590.0,8918.0,2229.5,8236.19,3174.98,3571.85,20544.6,6403.49,14141.11,-2085.12,0.0,700.63,1.65,0.0,0.0,229032.15,538.47,213511.71,229570.63,1.075213,0,794571.11,796652.65,0.0,2081.55,0.0,0.0,0.0,0.0,0.0,2468789.16,0.0,7
Y12-03,TOTAL,0.0,4166.67,49367.5,9873.5,2468.38,8236.19,3182.81,3580.66,20544.6,6451.92,14092.67,1481.37,0.0,778.08,1.83,0.0,0.0,229810.24,540.3,213611.55,230350.54,1.078362,0,800779.21,806427.24,0.0,5648.03,0.0,0.0,0.0,0.0,0.0,2456689.21,0.0,7
Y12-04,TOTAL,0.0,4166.67,47775.0,9555.0,2388.75,8236.19,3190.66,3589.49,20544.6,6521.0,14023.6,270.31,0.0,755.54,1.78,0.0,0.0,230565.78,542.08,213711.63,231107.86,1.0814,0,809632.18,814069.15,0.0,4436.98,0.0,0.0,0.0,0.0,0.0,2445731.23,0.0,7
Y12-05,TOTAL,0.0,4166.67,49367.5,9873.5,2468.38,8236.19,3198.53,3598.34,20544.6,6583.55,13961.05,1447.96,0.0,783.29,1.84,0.0,0.0,231349.07,543.92,213811.96,231892.99,1.084565,0,817649.61,823264.24,0.0,5614.63,0.0,0.0,0.0,0.0,0.0,2433533.06,0.0,7
Y12-06,TOTAL,0.0,4166.67,47775.0,9555.0,2388.75,8236.19,3206.42,3607.22,20544.6,6653.18,13891.42,236.83,0.0,760.6,1.79,0.0,0.0,232109.67,545.71,213912.54,232655.38,1.087619,0,826574.44,830977.93,0.0,4403.49,0.0,0.0,0.0,0.0,0.0,2422476.39,0.0,7
Y12-07,TOTAL,0.0,4166.67,49367.5,9873.5,2468.38,8236.19,3214.33,3616.12,20544.6,6716.29,13828.3,1414.4,0.0,788.54,1.85,0.0,0.0,232898.2,547.56,214013.36,233445.77,1.0908,0,834664.08,840245.15,0.0,5581.06,0.0,0.0,0.0,0.0,0.0,2410179.03,0.0,7
Y12-08,TOTAL,0.0,4166.67,49367.5,9873.5,2468.38,8236.19,3222.25,3625.03,20544.6,6786.49,13758.11,1397.55,0.0,791.22,1.86,0.0,0.0,233689.42,549.42,214114.44,234238.84,1.093989,0,843661.48,849225.7,0.0,5564.22,0.0,0.0,0.0,0.0,0.0,2397828.32,0.0,7
Y12-09,TOTAL,0.0,4166.67,47775.0,9555.0,2388.75,8236.19,3230.2,3633.97,20544.6,6856.99,13687.6,186.29,0.0,768.29,1.81,0.0,0.0,234457.71,551.23,214215.76,235008.95,1.097067,0,852697.91,857050.86,0.0,4352.95,0.0,0.0,0.0,0.0,0.0,2386618.37,0.0,7
Y12-10,TOTAL,0.0,4166.67,49367.5,9873.5,2468.38,8236.19,3238.17,3642.94,20544.6,6920.98,13623.61,1363.73,0.0,796.51,1.87,0.0,0.0,235254.23,553.1,214317.33,235807.33,1.100272,0,860899.7,866430.1,0.0,5530.4,0.0,0.0,0.0,0.0,0.0,2374166.99,0.0,7
Y12-11,TOTAL,0.0,4166.67,47775.0,9555.0,2388.75,8236.19,3246.15,3651.92,20544.6,6992.06,13552.54,152.39,0.0,773.44,1.82,0.0,0.0,236027.67,554.92,214419.16,236582.59,1.103365,0,870009.79,874328.84,0.0,4319.06,0.0,0.0,0.0,0.0,0.0,2362855.87,0.0,7
Y12-12,TOTAL,0.0,4166.67,49367.5,9873.5,2468.38,8236.19,3254.16,3660.93,20544.6,7056.63,13487.97,1329.75,0.0,801.85,1.89,0.0,0.0,236829.51,556.81,214521.23,237386.32,1.106587,0,878285.6,883782.02,0.0,5496.42,0.0,0.0,0.0,0.0,0.0,2350302.83,0.0,7
Y13-01,TOTAL,0.0,4166.67,49367.5,9873.5,2468.38,8483.28,3262.18,3669.96,20544.6,7128.28,13416.31,1065.61,0.0,804.57,1.89,0.0,0.0,237634.09,558.7,216106.07,238192.78,1.102203,0,965233.96,970466.23,0.0,5232.28,0.0,0.0,0.0,0.0,0.0,2337942.27,0.0,7
Y13-02,TOTAL,0.0,4166.67,44590.0,8918.0,2229.5,8483.28,3270.23,3679.01,20544.6,7198.84,13345.75,-2534.61,0.0,729.18,1.71,0.0,0.0,238363.26,560.41,216208.65,238923.68,1.105061,0,974277.6,975909.65,0.0,1632.06,0.0,0.0,0.0,0.0,0.0,2329111.37,0.0,7
Y13-03,TOTAL,0.0,4166.67,49367.5,9873.5,2468.38,8483.28,3278.29,3688.08,20544.6,7249.25,13295.34,1031.38,0.0,809.78,1.9,0.0,0.0,239173.05,562.32,216311.48,239735.36,1.108288,0,980738.75,985936.79,0.0,5198.04,0.0,0.0,0.0,0.0,0.0,2316664.07,0.0,7
Y13-04,TOTAL,0.0,4166.67,47775.0,9555.0,2388.75,8483.28,3286.38,3697.18,20544.6,7320.31,13224.29,-180.18,0.0,786.32,1.85,0.0,0.0,239959.37,564.17,216414.57,240523.53,1.111402,0,989845.85,993832.33,0.0,3986.49,0.0,0.0,0.0,0.0,0.0,2305357.28,0.0,7
Y13-05,TOTAL,0.0,4166.67,49367.5,9873.5,2468.38,8483.28,3294.48,3706.3,20544.6,7384.85,13159.75,996.97,0.0,815.2,1.92,0.0,0.0,240774.57,566.08,216517.91,241340.66,1.114645,0,998118.49,1003282.13,0.0,5163.64,0.0,0.0,0.0,0.0,0.0,2292808.79,0.0,7
Y13-06,TOTAL,0.0,4166.67,47775.0,9555.0,2388.75,8483.28,3302.61,3715.44,20544.6,7456.48,13088.12,-214.67,0.0,791.59,1.86,0.0,0.0,241566.16,567.94,216621.51,242134.1,1.117775,0,1007299.63,1011251.63,0.0,3952.0,0.0,0.0,0.0,0.0,0.0,2281400.32,0.0,7
Y13-07,TOTAL,0.0,4166.67,49367.5,9873.5,2468.38,8483.28,3310.75,3724.6,20544.6,7521.6,13022.99,962.4,0.0,820.66,1.93,0.0,0.0,242386.82,569.87,216725.36,242956.7,1.121035,0,1015646.67,1020775.74,0.0,5129.06,0.0,0.0,0.0,0.0,0.0,2268749.65,0.0,7
Y13-08,TOTAL,0.0,4166.67,49367.5,9873.5,2468.38,8483.28,3318.92,3733.79,20544.6,7593.82,12950.78,945.05,0.0,823.45,1.94,0.0,0.0,243210.28,571.81,216829.46,243782.08,1.124303,0,1024902.57,1030014.28,0.0,5111.71,0.0,0.0,0.0,0.0,0.0,2256044.12,0.0,7
Y13-09,TOTAL,0.0,4166.67,47775.0,9555.0,2388.75,8483.28,3327.11,3742.99,20544.6,7666.34,12878.25,-266.72,0.0,799.6,1.88,0.0,0.0,244009.87,573.69,216933.83,244583.56,1.127457,0,1034198.61,1038098.55,0.0,3899.94,0.0,0.0,0.0,0.0,0.0,2244477.83,0.0,7
Y13-10,TOTAL,0.0,4166.67,49367.5,9873.5,2468.38,8483.28,3335.31,3752.22,20544.6,7732.37,12812.23,910.22,0.0,828.97,1.95,0.0,0.0,244838.84,575.64,217038.45,245414.47,1.130742,0,1042661.11,1047738.0,0.0,5076.88,0.0,0.0,0.0,0.0,0.0,2231668.58,0.0,7
Y13-11,TOTAL,0.0,4166.67,47775.0,9555.0,2388.75,8483.28,3343.54,3761.48,20544.6,7805.49,12739.11,-301.64,0.0,804.95,1.89,0.0,0.0,245643.79,577.53,217143.32,246221.32,1.133912,0,1052033.04,1055898.06,0.0,3865.03,0.0,0.0,0.0,0.0,0.0,2219998.06,0.0,7
Y13-12,TOTAL,0.0,4166.67,49367.5,9873.5,2468.38,8483.28,3351.78,3770.76,20544.6,7872.11,12672.49,875.21,0.0,834.52,1.96,0.0,0.0,246478.3,579.49,217248.46,247057.79,1.137213,0,1060571.8,1065613.68,0.0,5041.88,0.0,0.0,0.0,0.0,0.0,2207084.08,0.0,7
Y14-01,TOTAL,0.0,4166.67,49367.5,9873.5,2468.38,8737.78,3360.05,3780.06,20544.6,7945.82,12598.77,603.15,0.0,837.35,1.97,0.0,0.0,247315.65,581.46,218880.85,247897.11,1.132566,0,1150117.16,1154886.98,0.0,4769.82,0.0,0.0,0.0,0.0,0.0,2194368.44,0.0,7
Y14-02,TOTAL,0.0,4166.67,44590.0,8918.0,2229.5,8737.78,3368.34,3789.38,20544.6,8018.41,12526.19,-2997.59,0.0,758.89,1.78,0.0,0.0,248074.54,583.24,218986.51,248657.78,1.135494,0,1159420.59,1160589.68,0.0,1169.08,0.0,0.0,0.0,0.0,0.0,2185180.95,0.0,7
Y14-03,TOTAL,0.0,4166.67,49367.5,9873.5,2468.38,8737.78,3376.64,3798.72,20544.6,8070.86,12473.74,567.89,0.0,842.77,1.98,0.0,0.0,248917.31,585.23,219092.42,249502.54,1.1388,0,1166142.65,1170877.2,0.0,4734.55,0.0,0.0,0.0,0.0,0.0,2172375.54,0.0,7
Y14-04,TOTAL,0.0,4166.67,47775.0,9555.0,2388.75,8737.78,3384.97,3808.09,20544.6,8143.95,12400.64,-644.19,0.0,818.36,1.92,0.0,0.0,249735.67,587.15,219198.6,250322.82,1.141991,0,1175511.76,1179034.24,0.0,3522.48,0.0,0.0,0.0,0.0,0.0,2160709.1,0.0,7
Y14-05,TOTAL,0.0,4166.67,49367.5,9873.5,2468.38,8737.78,3393.32,3817.48,20544.6,8210.55,12334.05,532.45,0.0,848.42,1.99,0.0,0.0,250584.09,589.14,219305.04,251173.23,1.145314,0,1184047.54,1188746.66,0.0,4699.12,0.0,0.0,0.0,0.0,0.0,2147799.44,0.0,7
Y14-06,TOTAL,0.0,4166.67,47775.0,9555.0,2388.75,8737.78,3401.69,3826.9,20544.6,8284.24,12260.36,-679.71,0.0,823.84,1.94,0.0,0.0,251407.93,591.08,219411.74,251999.01,1.148521,0,1193492.93,1196979.89,0.0,3486.96,0.0,0.0,0.0,0.0,0.0,2136028.24,0.0,7
Y14-07,TOTAL,0.0,4166.67,49367.5,9873.5,2468.38,8737.78,3410.08,3836.34,20544.6,8351.44,12193.16,496.84,0.0,854.1,2.01,0.0,0.0,252262.02,593.09,219518.71,252855.11,1.151861,0,1202105.36,1206768.87,0.0,4663.51,0.0,0.0,0.0,0.0,0.0,2123013.3,0.0,7
Y14-08,TOTAL,0.0,4166.67,49367.5,9873.5,2468.38,8737.78,3418.49,3845.8,20544.6,8425.73,12118.87,478.97,0.0,857.0,2.01,0.0,0.0,253119.02,595.1,219625.94,253714.13,1.15521,0,1211627.78,1216273.42,0.0,4645.63,0.0,0.0,0.0,0.0,0.0,2109941.94,0.0,7
Y14-09,TOTAL,0.0,4166.67,47775.0,9555.0,2388.75,8737.78,3426.92,3855.28,20544.6,8500.34,12044.25,-733.32,0.0,832.17,1.96,0.0,0.0,253951.2,597.06,219733.43,254548.26,1.158441,0,1221191.48,1224624.82,0.0,3433.34,0.0,0.0,0.0,0.0,0.0,2098008.25,0.0,7
Y14-10,TOTAL,0.0,4166.67,49367.5,9873.5,2468.38,8737.78,3435.37,3864.79,20544.6,8568.47,11976.13,443.09,0.0,862.74,2.03,0.0,0.0,254813.93,599.09,219841.19,255413.02,1.161807,0,1229922.8,1234532.55,0.0,4609.76,0.0,0.0,0.0,0.0,0.0,2084830.03,0.0,7
Y14-11,TOTAL,0.0,4166.67,47775.0,9555.0,2388.75,8737.78,3443.84,3874.32,20544.6,8643.69,11900.9,-769.29,0.0,837.74,1.97,0.0,0.0,255651.68,601.06,219949.22,256252.74,1.165054,0,1239564.68,1242962.06,0.0,3397.38,0.0,0.0,0.0,0.0,0.0,2072788.96,0.0,7
Y14-12,TOTAL,0.0,4166.67,49367.5,9873.5,2468.38,8737.78,3452.34,3883.88,20544.6,8712.43,11832.17,407.04,0.0,868.52,2.04,0.0,0.0,256520.19,603.1,220057.51,257123.3,1.168437,0,1248374.56,1252948.27,0.0,4573.71,0.0,0.0,0.0,0.0,0.0,2059502.83,0.0,7
Y15-01,TOTAL,0.0,4166.67,49367.5,9873.5,2468.38,8999.91,3460.85,3893.46,20544.6,8788.27,11756.33,126.81,0.0,871.47,2.05,0.0,0.0,257391.66,605.15,221738.87,257996.81,1.163516,0,1340595.11,1344888.59,0.0,4293.48,0.0,0.0,0.0,0.0,0.0,2046421.08,0.0,7
Y15-02,TOTAL,0.0,4166.67,44590.0,8918.0,2229.5,8999.91,3469.39,3903.06,20544.6,8862.94,11681.65,-3474.45,0.0,789.8,1.86,0.0,0.0,258181.46,607.01,221847.69,258788.47,1.166514,0,1350166.4,1350858.62,0.0,692.22,0.0,0.0,0.0,0.0,0.0,2036865.92,0.0,7
Y15-03,TOTAL,0.0,4166.67,49367.5,9873.5,2468.38,8999.91,3477.94,3912.69,20544.6,8917.49,11627.11,90.49,0.0,877.11,2.06,0.0,0.0,259058.57,609.07,221956.79,259667.64,1.169902,0,1357157.46,1361414.62,0.0,4257.16,0.0,0.0,0.0,0.0,0.0,2023691.27,0.0,7
Y15-04,TOTAL,0.0,4166.67,47775.0,9555.0,2388.75,8999.91,3486.52,3922.34,20544.6,6700.28,11551.9,-1122.11,0.0,851.7,2.0,0.0,0.0,259910.27,611.07,222066.15,260521.35,1.17317,0,1365129.0,1368173.55,0.0,3044.56,0.0,0.0,0.0,0.0,0.0,2013946.44,0.0,7
Y15-05,TOTAL,0.0,4166.67,49367.5,9873.5,2468.38,8999.91,3495.12,3932.01,17718.22,6221.94,11496.28,2880.37,0.0,882.98,2.08,0.0,0.0,260793.26,613.15,205217.5,261406.4,1.273802,0,1371870.37,1378917.41,0.0,7047.04,0.0,0.0,0.0,0.0,0.0,2000677.46,0.0,7
Y15-06,TOTAL,0.0,4166.67,47775.0,9555.0,2388.75,8999.91,3503.74,3941.71,17718.22,6297.68,11420.53,1667.68,0.0,857.4,2.02,0.0,0.0,261650.66,615.16,205327.4,262265.82,1.277306,0,1381578.66,1387413.01,0.0,5834.35,0.0,0.0,0.0,0.0,0.0,1988545.43,0.0,7
Y15-07,TOTAL,0.0,4166.67,49367.5,9873.5,2468.38,8999.91,3512.38,3951.43,17718.22,6366.94,11351.28,2843.69,0.0,888.9,2.09,0.0,0.0,262539.55,617.25,205437.58,263156.81,1.280958,0,1390455.09,1397465.45,0.0,7010.36,0.0,0.0,0.0,0.0,0.0,1975168.14,0.0,7
Y15-08,TOTAL,0.0,4166.67,49367.5,9873.5,2468.38,8999.91,3521.04,3961.17,17718.22,6443.3,11274.92,2825.29,0.0,891.92,2.1,0.0,0.0,263431.47,619.35,205548.02,264050.82,1.284619,0,1400242.63,1407234.58,0.0,6991.95,0.0,0.0,0.0,0.0,0.0,1961732.89,0.0,7
Y15-09,TOTAL,0.0,4166.67,47775.0,9555.0,2388.75,8999.91,3529.73,3970.94,17718.22,6519.99,11198.23,1612.46,0.0,866.08,2.04,0.0,0.0,264297.55,621.39,205658.74,264918.93,1.288148,0,1410072.57,1415851.69,0.0,5779.12,0.0,0.0,0.0,0.0,0.0,1949433.77,0.0,7
Y15-10,TOTAL,0.0,4166.67,49367.5,9873.5,2468.38,8999.91,3538.43,3980.74,17718.22,6590.2,11128.02,2788.33,0.0,897.89,2.11,0.0,0.0,265195.43,623.5,205769.74,265818.93,1.291827,0,1419071.25,1426026.25,0.0,6955.0,0.0,0.0,0.0,0.0,0.0,1935888.57,0.0,7
Y15-11,TOTAL,0.0,4166.67,47775.0,9555.0,2388.75,8999.91,3547.16,3990.55,17718.22,6667.52,11050.7,1575.41,0.0,871.88,2.05,0.0,0.0,266067.31,625.55,205881.0,266692.86,1.295374,0,1428981.63,1434723.71,0.0,5742.08,0.0,0.0,0.0,0.0,0.0,1923478.97,0.0,7
Y15-12,TOTAL,0.0,4166.67,49367.5,9873.5,2468.38,8999.91,3555.91,4000.39,17718.22,6738.36,10979.86,2751.2,0.0,903.9,2.13,0.0,0.0,266971.21,627.67,205992.54,267598.88,1.299071,0,1438061.15,1444979.01,0.0,6917.87,0.0,0.0,0.0,0.0,0.0,1909822.75,0.0,7
Y16-01,TOTAL,0.0,4166.67,49367.5,9873.5,2468.38,9269.91,3564.68,4010.26,17718.22,6816.31,10901.9,2462.57,0.0,906.97,2.13,0.0,0.0,267878.18,629.8,207724.34,268507.98,1.292617,0,1533027.46,1539656.69,0.0,6629.23,0.0,0.0,0.0,0.0,0.0,1896377.21,0.0,7
Y16-02,TOTAL,0.0,4166.67,44590.0,8918.0,2229.5,9269.91,3573.47,4020.15,17718.22,6893.06,10825.15,-1139.24,0.0,821.98,1.93,0.0,0.0,268700.16,631.74,207836.43,269331.9,1.295884,0,1542864.93,1545892.36,0.0,3027.43,0.0,0.0,0.0,0.0,0.0,1886456.72,0.0,7
Y16-03,TOTAL,0.0,4166.67,49367.5,9873.5,2468.38,9269.91,3582.28,4030.07,17718.22,6949.69,10768.52,2425.16,0.0,912.84,2.15,0.0,0.0,269613.01,633.88,207948.8,270246.89,1.299584,0,1550123.28,1556715.11,0.0,6591.82,0.0,0.0,0.0,0.0,0.0,1872915.2,0.0,7
Y16-04,TOTAL,0.0,4166.67,47775.0,9555.0,2388.75,9269.91,3591.12,4040.01,17718.22,7026.99,10691.22,1212.01,0.0,886.4,2.08,0.0,0.0,270499.4,635.97,208061.44,271135.37,1.30315,0,1560030.97,1565409.65,0.0,5378.67,0.0,0.0,0.0,0.0,0.0,1860509.54,0.0,7
Y16-05,TOTAL,0.0,4166.67,49367.5,9873.5,2468.38,9269.91,3599.97,4049.97,17718.22,7097.81,10620.41,2387.56,0.0,918.96,2.16,0.0,0.0,271418.36,638.13,208174.37,272056.49,1.306868,0,1569107.61,1575661.84,0.0,6554.23,0.0,0.0,0.0,0.0,0.0,1846857.5,0.0,7
Y16-06,TOTAL,0.0,4166.67,47775.0,9555.0,2388.75,9269.91,3608.85,4059.96,17718.22,7175.74,10542.48,1174.32,0.0,892.33,2.1,0.0,0.0,272310.7,640.23,208287.57,272950.92,1.310452,0,1579096.16,1584437.15,0.0,5340.99,0.0,0.0,0.0,0.0,0.0,1834340.78,0.0,7
Y16-07,TOTAL,0.0,4166.67,49367.5,9873.5,2468.38,9269.91,3617.75,4069.97,17718.22,7247.19,10471.03,2349.78,0.0,925.11,2.18,0.0,0.0,273235.81,642.4,208401.05,273878.21,1.314188,0,1588254.06,1594770.51,0.0,6516.45,0.0,0.0,0.0,0.0,0.0,1820577.14,0.0,7
Y16-08,TOTAL,0.0,4166.67,49367.5,9873.5,2468.38,9269.91,3626.67,4080.01,17718.22,7325.75,10392.46,2330.82,0.0,928.25,2.18,0.0,0.0,274164.06,644.58,208514.81,274808.64,1.317933,0,1598324.26,1604821.75,0.0,6497.49,0.0,0.0,0.0,0.0,0.0,1806753.9,0.0,7
Y16-09,TOTAL,0.0,4166.67,47775.0,9555.0,2388.75,9269.91,3635.62,4090.07,17718.22,7404.66,10313.55,1117.44,0.0,901.36,2.12,0.0,0.0,275065.42,646.7,208628.85,275712.12,1.321544,0,1608438.08,1613722.18,0.0,5284.11,0.0,0.0,0.0,0.0,0.0,1794065.13,0.0,7
Y16-10,TOTAL,0.0,4166.67,49367.5,9873.5,2468.38,9269.91,3644.58,4100.16,17718.22,7477.09,10241.12,2292.76,0.0,934.47,2.2,0.0,0.0,275999.89,648.9,208743.17,276648.79,1.325307,0,1617721.85,1624181.28,0.0,6459.43,0.0,0.0,0.0,0.0,0.0,1780128.61,0.0,7
Y16-11,TOTAL,0.0,4166.67,47775.0,9555.0,2388.75,9269.91,3653.57,4110.27,17718.22,7556.65,10161.57,1079.29,0.0,907.4,2.13,0.0,0.0,276907.29,651.03,208857.77,277558.32,1.328935,0,1627918.55,1633164.5,0.0,5245.95,0.0,0.0,0.0,0.0,0.0,1767326.01,0.0,7
Y16-12,TOTAL,0.0,4166.67,49367.5,9873.5,2468.38,9269.91,3662.58,4120.41,17718.22,7629.73,10088.49,2254.51,0.0,940.73,2.21,0.0,0.0,277848.01,653.24,208972.66,278501.26,1.332716,0,1637285.6,1643706.78,0.0,6421.18,0.0,0.0,0.0,0.0,0.0,1753275.1,0.0,7
Y17-01,TOTAL,0.0,4166.67,49367.5,9873.5,2468.38,9548.0,3671.62,4130.57,17718.22,7709.94,10008.28,1957.22,0.0,943.92,2.22,0.0,0.0,278791.93,655.46,210756.41,279447.4,1.325926,0,1735089.93,1741213.82,0.0,6123.89,0.0,0.0,0.0,0.0,0.0,1739441.27,0.0,7
Y17-02,TOTAL,0.0,4166.67,44590.0,8918.0,2229.5,9548.0,3680.67,4140.76,17718.22,7788.9,9929.31,-1645.15,0.0,855.47,2.01,0.0,0.0,279647.41,657.48,210871.87,280304.88,1.329266,0,1745211.49,1747733.01,0.0,2521.52,0.0,0.0,0.0,0.0,0.0,1729130.85,0.0,7
Y17-03,TOTAL,0.0,4166.67,49367.5,9873.5,2468.38,9548.0,3689.75,4150.97,17718.22,7847.76,9870.46,1918.69,0.0,950.04,2.23,0.0,0.0,280597.44,659.71,210987.6,281257.15,1.333051,0,1752755.14,1758840.5,0.0,6085.36,0.0,0.0,0.0,0.0,0.0,1715197.73,0.0,7
Y17-04,TOTAL,0.0,4166.67,47775.0,9555.0,2388.75,9548.0,3698.85,4161.21,17718.22,7927.3,9790.92,704.98,0.0,922.51,2.17,0.0,0.0,281519.95,661.88,211103.63,282181.83,1.336698,0,1762949.34,1767820.99,0.0,4871.64,0.0,0.0,0.0,0.0,0.0,1702398.79,0.0,7
Y17-05,TOTAL,0.0,4166.67,49367.5,9873.5,2468.38,9548.0,3707.97,4171.47,17718.22,8000.36,9717.86,1879.97,0.0,956.4,2.25,0.0,0.0,282476.35,664.13,211219.94,283140.48,1.340501,0,1772313.72,1778360.36,0.0,6046.63,0.0,0.0,0.0,0.0,0.0,1688351.8,0.0,7
Y17-06,TOTAL,0.0,4166.67,47775.0,9555.0,2388.75,9548.0,3717.12,4181.76,17718.22,8080.54,9637.67,666.16,0.0,928.69,2.18,0.0,0.0,283405.04,666.31,211336.54,284071.35,1.344166,0,1782591.24,1787424.07,0.0,4832.83,0.0,0.0,0.0,0.0,0.0,1675438.44,0.0,7
Y17-07,TOTAL,0.0,4166.67,49367.5,9873.5,2468.38,9548.0,3726.28,4192.07,17718.22,8154.25,9563.96,1841.05,0.0,962.8,2.26,0.0,0.0,284367.84,668.57,211453.42,285036.41,1.347987,0,1792039.34,1798047.06,0.0,6007.72,0.0,0.0,0.0,0.0,0.0,1661276.46,0.0,7
Y17-08,TOTAL,0.0,4166.67,49367.5,9873.5,2468.38,9548.0,3735.47,4202.41,17718.22,8235.1,9483.12,1821.52,0.0,966.07,2.27,0.0,0.0,285333.91,670.84,211570.59,286004.76,1.351817,0,1802400.99,1808389.18,0.0,5988.19,0.0,0.0,0.0,0.0,0.0,1647053.17,0.0,7
Y17-09,TOTAL,0.0,4166.67,47775.0,9555.0,2388.75,9548.0,3744.69,4212.77,17718.22,8316.29,9401.93,607.57,0.0,938.08,2.21,0.0,0.0,286271.99,673.05,211688.05,286945.05,1.355509,0,1812807.5,1817581.74,0.0,4774.24,0.0,0.0,0.0,0.0,0.0,1633962.65,0.0,7
Y17-10,TOTAL,0.0,4166.67,49367.5,9873.5,2468.38,9548.0,3753.92,4223.16,17718.22,8391.01,9327.2,1782.32,0.0,972.54,2.29,0.0,0.0,287244.54,675.34,211805.81,287919.87,1.359358,0,1822385.22,1828334.21,0.0,5948.99,0.0,0.0,0.0,0.0,0.0,1619622.65,0.0,7
Y17-11,TOTAL,0.0,4166.67,47775.0,9555.0,2388.75,9548.0,3763.18,4233.58,17718.22,8472.87,9245.35,568.27,0.0,944.37,2.22,0.0,0.0,288188.9,677.56,211923.85,288866.46,1.363067,0,1832877.12,1837612.06,0.0,4734.94,0.0,0.0,0.0,0.0,0.0,1606414.84,0.0,7
Y17-12,TOTAL,0.0,4166.67,49367.5,9873.5,2468.38,9548.0,3772.46,4244.02,17718.22,8548.26,9169.95,1742.93,0.0,979.05,2.3,0.0,0.0,289167.95,679.86,212042.18,289847.81,1.366935,0,1842540.65,1848450.25,0.0,5909.59,0.0,0.0,0.0,0.0,0.0,1591956.98,0.0,7
Y18-01,TOTAL,0.0,4166.67,49367.5,9873.5,2468.38,9834.44,3781.76,4254.49,17718.22,8630.79,9087.42,1436.72,0.0,982.38,2.31,0.0,0.0,290150.33,682.17,213879.45,290832.5,1.359796,0,1943268.44,1948871.82,0.0,5603.38,0.0,0.0,0.0,0.0,0.0,1577722.8,0.0,7
Y18-02,TOTAL,0.0,4166.67,44590.0,8918.0,2229.5,9834.44,3791.09,4264.98,17718.22,8712.05,9006.17,-2166.23,0.0,890.32,2.09,0.0,0.0,291040.66,684.26,213998.36,291724.92,1.363211,0,1953682.92,1955683.36,0.0,2000.44,0.0,0.0,0.0,0.0,0.0,1567010.32,0.0,7
Y18-03,TOTAL,0.0,4166.67,49367.5,9873.5,2468.38,9834.44,3800.44,4275.5,17718.22,8773.2,8945.02,1397.03,0.0,988.74,2.32,0.0,0.0,292029.4,686.59,214117.57,292715.98,1.367081,0,1961520.74,1967084.43,0.0,5563.69,0.0,0.0,0.0,0.0,0.0,1552673.43,0.0,7
Y18-04,TOTAL,0.0,4166.67,47775.0,9555.0,2388.75,9834.44,3809.81,4286.04,17718.22,8855.04,8863.18,182.74,0.0,960.1,2.26,0.0,0.0,292989.49,688.84,214237.08,293678.34,1.37081,0,1972010.37,1976359.77,0.0,4349.4,0.0,0.0,0.0,0.0,0.0,1539468.99,0.0,7
Y18-05,TOTAL,0.0,4166.67,49367.5,9873.5,2468.38,9834.44,3819.21,4296.61,17718.22,8930.41,8787.8,1357.14,0.0,995.36,2.34,0.0,0.0,293984.86,691.18,214356.88,294676.04,1.374698,0,1981671.43,1987195.24,0.0,5523.81,0.0,0.0,0.0,0.0,0.0,1525014.76,0.0,7
Y18-06,TOTAL,0.0,4166.67,47775.0,9555.0,2388.75,9834.44,3828.63,4307.21,17718.22,9012.92,8705.29,142.75,0.0,966.53,2.27,0.0,0.0,294951.38,693.46,214476.97,295644.84,1.378446,0,1992246.9,1996556.32,0.0,4309.42,0.0,0.0,0.0,0.0,0.0,1511692.42,0.0,7
Y18-07,TOTAL,0.0,4166.67,49367.5,9873.5,2468.38,9834.44,3838.07,4317.83,17718.22,9088.97,8629.24,1317.06,0.0,1002.03,2.36,0.0,0.0,295953.41,695.81,214597.36,296649.22,1.382353,0,2001994.23,2007477.96,0.0,5483.73,0.0,0.0,0.0,0.0,0.0,1497119.72,0.0,7
Y18-08,TOTAL,0.0,4166.67,49367.5,9873.5,2468.38,9834.44,3847.54,4328.48,17718.22,9172.16,8546.06,1296.95,0.0,1005.43,2.36,0.0,0.0,296958.84,698.18,214718.05,297657.01,1.386269,0,2012656.39,2018120.01,0.0,5463.61,0.0,0.0,0.0,0.0,0.0,1482483.95,0.0,7
Y18-09,TOTAL,0.0,4166.67,47775.0,9555.0,2388.75,9834.44,3857.03,4339.16,17718.22,9255.7,8462.51,82.41,0.0,976.3,2.3,0.0,0.0,297935.14,700.47,214839.04,298635.61,1.390044,0,2023364.69,2027613.77,0.0,4249.08,0.0,0.0,0.0,0.0,0.0,1468979.17,0.0,7
Y18-10,TOTAL,0.0,4166.67,49367.5,9873.5,2468.38,9834.44,3866.54,4349.86,17718.22,9332.79,8385.42,1256.57,0.0,1012.16,2.38,0.0,0.0,298947.31,702.85,214960.32,299650.16,1.393979,0,2033245.5,2038668.74,0.0,5423.24,0.0,0.0,0.0,0.0,0.0,1454223.14,0.0,7
Y18-11,TOTAL,0.0,4166.67,47775.0,9555.0,2388.75,9834.44,3876.08,4360.58,17718.22,9417.03,8301.19,41.93,0.0,982.84,2.31,0.0,0.0,299930.15,705.16,215081.9,300635.31,1.397771,0,2044041.79,2048250.39,0.0,4208.6,0.0,0.0,0.0,0.0,0.0,1440597.52,0.0,7
Y18-12,TOTAL,0.0,4166.67,49367.5,9873.5,2468.38,9834.44,3885.63,4371.34,17718.22,9494.8,8223.41,1215.99,0.0,1018.94,2.4,0.0,0.0,300949.09,707.56,215203.79,301656.64,1.401726,0,2054011.02,2059393.68,0.0,5382.66,0.0,0.0,0.0,0.0,0.0,1425720.05,0.0,7
Y19-01,TOTAL,0.0,4166.67,49367.5,9873.5,2468.38,10129.48,3895.22,4382.12,17718.22,9579.73,8138.49,900.59,0.0,1022.4,2.4,0.0,0.0,301971.49,709.96,217096.17,302681.45,1.394227,0,2157750.3,2162817.57,0.0,5067.26,0.0,0.0,0.0,0.0,0.0,1411073.06,0.0,7
Y19-02,TOTAL,0.0,4166.67,44590.0,8918.0,2229.5,10129.48,3904.82,4392.93,17718.22,9663.34,8054.88,-2702.94,0.0,926.6,2.18,0.0,0.0,302898.09,712.14,217218.66,303610.23,1.397717,0,2168466.82,2169930.54,0.0,1463.72,0.0,0.0,0.0,0.0,0.0,1399946.0,0.0,7
Y19-03,TOTAL,0.0,4166.67,49367.5,9873.5,2468.38,10129.48,3914.45,4403.76,17718.22,9726.86,7991.36,859.72,0.0,1029.02,2.42,0.0,0.0,303927.11,714.56,217341.44,304641.67,1.401673,0,2176607.96,2181634.35,0.0,5026.38,0.0,0.0,0.0,0.0,0.0,1385192.76,0.0,7
Y19-04,TOTAL,0.0,4166.67,47775.0,9555.0,2388.75,10129.48,3924.11,4414.62,17718.22,9811.07,7907.14,-355.17,0.0,999.21,2.35,0.0,0.0,304926.32,716.91,217464.53,305643.23,1.405485,0,2187402.21,2191213.71,0.0,3811.49,0.0,0.0,0.0,0.0,0.0,1371570.19,0.0,7
Y19-05,TOTAL,0.0,4166.67,49367.5,9873.5,2468.38,10129.48,3933.79,4425.51,17718.22,9888.84,7829.38,818.64,0.0,1035.91,2.44,0.0,0.0,305962.24,719.34,217587.93,306681.58,1.40946,0,2197369.2,2202354.5,0.0,4985.3,0.0,0.0,0.0,0.0,0.0,1356696.06,0.0,7
Y19-06,TOTAL,0.0,4166.67,47775.0,9555.0,2388.75,10129.48,3943.49,4436.42,17718.22,9973.74,7744.47,-396.36,0.0,1005.9,2.36,0.0,0.0,306968.14,721.71,217711.62,307689.85,1.413291,0,2208251.91,2212022.22,0.0,3770.31,0.0,0.0,0.0,0.0,0.0,1342952.0,0.0,7
Y19-07,TOTAL,0.0,4166.67,49367.5,9873.5,2468.38,10129.48,3953.21,4447.37,17718.22,10052.2,7666.02,777.35,0.0,1042.85,2.45,0.0,0.0,308010.99,724.16,217835.63,308735.15,1.417285,0,2218307.78,2223251.8,0.0,4944.02,0.0,0.0,0.0,0.0,0.0,1327955.79,0.0,7
Y19-08,TOTAL,0.0,4166.67,49367.5,9873.5,2468.38,10129.48,3962.96,4458.33,17718.22,10137.8,7580.41,756.63,0.0,1046.39,2.46,0.0,0.0,309057.38,726.62,217959.93,309784.0,1.421289,0,2229279.81,2234203.11,0.0,4923.3,0.0,0.0,0.0,0.0,0.0,1312894.68,0.0,7
Y19-09,TOTAL,0.0,4166.67,47775.0,9555.0,2388.75,10129.48,3972.74,4469.33,17718.22,10223.77,7494.44,-458.51,0.0,1016.08,2.39,0.0,0.0,310073.46,729.01,218084.55,310802.47,1.425147,0,2240299.3,2244007.46,0.0,3708.16,0.0,0.0,0.0,0.0,0.0,1298962.75,0.0,7
Y19-10,TOTAL,0.0,4166.67,49367.5,9873.5,2468.38,10129.48,3982.54,4480.35,17718.22,10303.3,7414.91,715.04,0.0,1053.4,2.48,0.0,0.0,311126.86,731.49,218209.47,311858.35,1.42917,0,2250492.64,2255374.35,0.0,4881.71,0.0,0.0,0.0,0.0,0.0,1283777.74,0.0,7
Y19-11,TOTAL,0.0,4166.67,47775.0,9555.0,2388.75,10129.48,3992.36,4491.4,17718.22,10389.98,7328.23,-500.2,0.0,1022.88,2.4,0.0,0.0,312149.75,733.89,218334.7,312883.64,1.433046,0,2261602.8,2265269.26,0.0,3666.46,0.0,0.0,0.0,0.0,0.0,1269721.29,0.0,7
Y19-12,TOTAL,0.0,4166.67,49367.5,9873.5,2468.38,10129.48,4002.2,4502.48,17718.22,10470.22,7247.99,673.25,0.0,1060.45,2.49,0.0,0.0,313210.2,736.38,218460.24,313946.58,1.437088,0,2271887.24,2276727.15,0.0,4839.92,0.0,0.0,0.0,0.0,0.0,1254411.15,0.0,7
Y20-01,TOTAL,0.0,4166.67,49367.5,9873.5,2468.38,10433.36,4012.07,4513.58,17718.22,10557.62,7160.6,348.39,0.0,1064.06,2.5,0.0,0.0,314274.26,738.89,220409.4,315013.14,1.429218,0,2378728.72,2383243.77,0.0,4515.06,0.0,0.0,0.0,0.0,0.0,1239338.48,0.0,7
Y20-02,TOTAL,0.0,4166.67,44590.0,8918.0,2229.5,10433.36,4021.97,4524.72,17718.22,10643.66,7074.56,-3255.76,0.0,964.35,2.27,0.0,0.0,315238.6,741.15,220535.56,315979.76,1.432784,0,2389756.68,2390667.59,0.0,910.91,0.0,0.0,0.0,0.0,0.0,1227783.91,0.0,7
Y20-03,TOTAL,0.0,4166.67,49367.5,9873.5,2468.38,10433.36,4031.89,4535.87,17718.22,10709.62,7008.6,306.29,0.0,1070.95,2.52,0.0,0.0,316309.55,743.67,220662.03,317053.22,1.436827,0,2398210.61,2402683.56,0.0,4472.95,0.0,0.0,0.0,0.0,0.0,1212601.34,0.0,7
Y20-04,TOTAL,0.0,4166.67,47775.0,9555.0,2388.75,10433.36,4041.83,4547.06,17718.22,10796.28,6921.93,-909.22,0.0,1039.92,2.44,0.0,0.0,317349.47,746.12,220788.81,318095.59,1.440723,0,2409318.98,2412576.43,0.0,3257.45,0.0,0.0,0.0,0.0,0.0,1198547.61,0.0,7
Y20-05,TOTAL,0.0,4166.67,49367.5,9873.5,2468.38,10433.36,4051.8,4558.28,17718.22,10876.51,6841.71,263.97,0.0,1078.12,2.53,0.0,0.0,318427.59,748.65,220915.9,319176.24,1.444786,0,2419601.43,2424032.07,0.0,4430.64,0.0,0.0,0.0,0.0,0.0,1183240.47,0.0,7
Y20-06,TOTAL,0.0,4166.67,47775.0,9555.0,2388.75,10433.36,4061.79,4569.52,17718.22,10963.88,6754.33,-951.64,0.0,1046.89,2.46,0.0,0.0,319474.48,751.11,221043.31,320225.59,1.448701,0,2430800.95,2434015.98,0.0,3215.03,0.0,0.0,0.0,0.0,0.0,1169061.56,0.0,7
Y20-07,TOTAL,0.0,4166.67,49367.5,9873.5,2468.38,10433.36,4071.81,4580.79,17718.22,11044.82,6673.39,221.45,0.0,1085.34,2.55,0.0,0.0,320559.82,753.66,221171.04,321313.48,1.452783,0,2441174.99,2445563.11,0.0,4388.12,0.0,0.0,0.0,0.0,0.0,1153628.62,0.0,7
Y20-08,TOTAL,0.0,4166.67,49367.5,9873.5,2468.38,10433.36,4081.85,4592.08,17718.22,11132.92,6585.3,200.11,0.0,1089.03,2.56,0.0,0.0,321648.84,756.22,221299.07,322405.07,1.456875,0,2452466.54,2456833.32,0.0,4366.78,0.0,0.0,0.0,0.0,0.0,1138128.92,0.0,7
Y20-09,TOTAL,0.0,4166.67,47775.0,9555.0,2388.75,10433.36,4091.92,4603.41,17718.22,11221.4,6496.82,-1015.66,0.0,1057.48,2.49,0.0,0.0,322706.32,758.71,221427.43,323465.03,1.460817,0,2463806.94,2466957.95,0.0,3151.01,0.0,0.0,0.0,0.0,0.0,1123756.51,0.0,7
Y20-10,TOTAL,0.0,4166.67,49367.5,9873.5,2468.38,10433.36,4102.01,4614.76,17718.22,11303.44,6414.78,157.27,0.0,1096.32,2.58,0.0,0.0,323802.63,761.29,221556.1,324563.92,1.464929,0,2474322.55,2478646.49,0.0,4323.94,0.0,0.0,0.0,0.0,0.0,1108129.13,0.0,7
Y20-11,TOTAL,0.0,4166.67,47775.0,9555.0,2388.75,10433.36,4112.13,4626.14,17718.22,11392.64,6325.57,-1058.6,0.0,1064.56,2.5,0.0,0.0,324867.19,763.79,221685.09,325630.98,1.46889,0,2485756.37,2488864.43,0.0,3108.07,0.0,0.0,0.0,0.0,0.0,1093628.42,0.0,7
Y20-12,TOTAL,0.0,4166.67,49367.5,9873.5,2468.38,10433.36,4122.27,4637.55,17718.22,11475.42,6242.8,114.22,0.0,1103.66,2.59,0.0,0.0,325970.85,766.39,221814.39,326737.23,1.473021,0,2496365.85,2500646.74,0.0,4280.89,0.0,0.0,0.0,0.0,0.0,1077872.11,0.0,7
